"hfpxzc href","qBF1Pd","MW4etd","UY7F9","W4Efsd","W4Efsd 2","W4Efsd 3","W4Efsd 4","UsdlK","FQ2IWe src","W4Efsd 7"
"","","","","","","","","","",""
"","","","","","","","","","",""
"https://www.google.com/maps/place/%D9%85%D8%AC%D9%88%D9%87%D8%B1%D8%A7%D8%AA+%D8%B9%D8%B1%D9%88%D8%B3+%D8%A7%D9%84%D8%B4%D8%A7%D9%85%E2%80%AD/data=!4m7!3m6!1s0x1603c57a8ee893ff:0x62f4189f4764ef60!8m2!3d15.2859884!4d44.2228368!16s%2Fg%2F11sdd937j1!19sChIJ_5PojnrFAxYRYO9kR58Y9GI?authuser=0&hl=en&rclk=1","مجوهرات عروس الشام","4.8","(158)","Goldsmith","Closed","· Opens 9 am","·","+967 776 777 033","https://lh3.googleusercontent.com/p/AF1QipNDM64uA6gP2-RMVWSYwQRBX_cLsLEdN4IIwWdq=w80-h106-k-no",""
"https://www.google.com/maps/place/%D9%85%D8%AC%D9%88%D9%87%D8%B1%D8%A7%D8%AA+%D9%85%D8%B1%D9%83%D8%B2+%D8%AF%D8%A8%D9%8A%E2%80%AD/data=!4m7!3m6!1s0x161d3659f449cda3:0x56782128bb13594a!8m2!3d14.0900819!4d44.6676741!16s%2Fg%2F11hcs1mrr9!19sChIJo81J9Fk2HRYRSlkTuygheFY?authuser=0&hl=en&rclk=1","مجوهرات مركز دبي","4.4","(10)","Jewelry store","Open 24 hours","","3MR9+23M","+967 2 456 410","https://lh3.googleusercontent.com/gps-cs-s/AG0ilSwq9olphqoVV9N8U9Ce1ap94uJg2efm36bj3-bQPhH4KoKKMcx2hVI9peV5NsMXMTvDHHGs2SPVNKNCCmp4QGiBabno6WgV33P0cMQKGCehRiyiYrh7lDQPdRlSP1otlyHu2fWuXA=w80-h142-k-no",""
"https://www.google.com/maps/place/%D9%85%D8%AC%D9%88%D9%87%D8%B1%D8%A7%D8%AA+%D8%A7%D9%84%D8%A8%D9%88%D8%B9%D8%A7%D9%86%D9%8A%E2%80%AD/data=!4m7!3m6!1s0x1603db813c84b2fd:0x64274f2e958b7633!8m2!3d15.351407!4d44.2013833!16s%2Fg%2F11g4h1qshk!19sChIJ_bKEPIHbAxYRM3aLlS5PJ2Q?authuser=0&hl=en&rclk=1","مجوهرات البوعاني","4.1","(121)","Jewelry store","Closed","· Opens 9:30 am","9622+GGR","","https://lh3.googleusercontent.com/gps-cs-s/AG0ilSykS246dHeBBIY2DlokZXJW1Vo9u2Y71VdEHrFHgaGe6wiGcHJvtPEVuECrGluQDtUpSRi6rQQc5uPE9Al2wESbqqTey0V88gJYWTXJHMLhhhG1HZbnWmJGR0UOPN2gT3Z1-v2Gfg=w80-h106-k-no",""
"https://www.google.com/maps/place/Alhashdi+Jewelry/data=!4m7!3m6!1s0x1603db15891fa033:0x725745e73145949f!8m2!3d15.3542602!4d44.2066577!16s%2Fg%2F11gr2rndzr!19sChIJM6AfiRXbAxYRn5RFMedFV3I?authuser=0&hl=en&rclk=1","Alhashdi Jewelry","4.3","(101)","Jewelry store","التحرير ، صنعاء ‎ جوار باب السباح على ركن مدخل سوق الذهب بجانب مركز السوداني للإلكترونيات, A1","Closed","","+967 770 702 024","https://lh3.googleusercontent.com/p/AF1QipN5gkAk8YDo2qYP-TCbwBzI89ebs2upwGVgAQic=w80-h106-k-no","· Opens 9:30 am"
"https://www.google.com/maps/place/%D9%85%D8%AC%D9%88%D9%87%D8%B1%D8%A7%D8%AA+%D8%A7%D9%84%D8%B5%D8%A7%D9%86%D8%B9%E2%80%AD/data=!4m7!3m6!1s0x161ce97e9e38819f:0x7020827022690a4a!8m2!3d13.9738036!4d44.1754517!16s%2Fg%2F11fx9mwgbd!19sChIJn4E4nn7pHBYRSgppInCCIHA?authuser=0&hl=en&rclk=1","مجوهرات الصانع","4.9","(10)","Jewelry store","Closed","· Opens 8 am","X5FG+G5G","+967 772 095 000","https://lh3.googleusercontent.com/gps-cs-s/AG0ilSwM5n-70aAqT-rhzFJ8roEWgE7X7PY2iQfZk7ECjv3QX9t7TWnjUVtG5vEWdR2ddT0HJjCcLp2LGHxKWTabI2xGGOFRcjwQlv3sdOQGSh3fOM3UwRzcRV_J9XOm4CRDlKA7dT4=w181-h92-k-no",""
"https://www.google.com/maps/place/%D9%85%D8%AC%D9%88%D9%87%D8%B1%D8%A7%D8%AA+%D8%A7%D8%AC%D9%85%D9%84+%D8%AC%D9%88%D9%84%D8%AF2%E2%80%AD/data=!4m7!3m6!1s0x1603cf0000e11995:0x242459bc65d99994!8m2!3d15.2410303!4d44.2527044!16s%2Fg%2F11yq3k25yw!19sChIJlRnhAADPAxYRlJnZZbxZJCQ?authuser=0&hl=en&rclk=1","مجوهرات اجمل جولد2","5.0","(1)","Jewelry store","سوق الوحدة","Closed","","+967 774 667 776","https://lh3.googleusercontent.com/p/AF1QipNHCACHlvP-l_ROWygygkbYnVMLQZOrYKIlOfm1=w80-h113-k-no","· Opens 9 am"
"https://www.google.com/maps/place/%D9%85%D8%AC%D9%88%D9%87%D8%B1%D8%A7%D8%AA+%D9%85%D8%B1%D9%83%D8%B2+%D8%AF%D8%A8%D9%8A%E2%80%AD/data=!4m7!3m6!1s0x161d40efe6920b43:0x9b2ebd82359b4bb3!8m2!3d13.9323829!4d44.7278249!16s%2Fg%2F11f4ypycw8!19sChIJQwuS5u9AHRYRs0ubNYK9Lps?authuser=0&hl=en&rclk=1","مجوهرات مركز دبي","4.0","(4)","Jewelry store","Open 24 hours","","WPJH+X44","+967 2 843 617","https://lh3.googleusercontent.com/gps-cs-s/AG0ilSzrXcBk_9i8tXG3TXc4uSO3pOBJ2D1AswycIyZl6cUv3AQBT41bHPded3eOAi84Hn2nq7ff0hFy8R92177nazLYYld_-otvV9-oAqaP6GQBLcFS4DB_dOvzI62w1R1FiQSayFugnw=w80-h142-k-no",""
"https://www.google.com/maps/place/%D9%85%D8%AC%D9%88%D9%87%D8%B1%D8%A7%D8%AA+%D8%A3%D8%A8%D9%88+%D8%AD%D8%A7%D9%81%D8%B8%E2%80%AD/data=!4m7!3m6!1s0x161ce978e3c840ab:0x73ef97aa8a1cacd4!8m2!3d13.9754264!4d44.1782805!16s%2Fg%2F11g9jwblmy!19sChIJq0DI43jpHBYR1KwciqqX73M?authuser=0&hl=en&rclk=1","مجوهرات أبو حافظ","4.3","(59)","Jewelry store","X5GH+58C، الرئيسي جوار مركز النمر, R125","Closed","","+967 777 232 121","https://lh3.googleusercontent.com/gps-cs-s/AG0ilSxzW1wzGI4Uerw_KH5ZXfzTj8iaQ_HD8ullt1vx-9X6aXGLnNuoZCfjdmUCgesqnR6uWDHgAFxvpoSuBqbAG0VPScvC3QTnXqyS1w5OqrRtsC5GSku6EV8dQ6zwBdMXsHlUBOScKA=w122-h92-k-no","· Opens 8 am"
"https://www.google.com/maps/place/%D9%85%D8%AC%D9%88%D9%87%D8%B1%D8%A7%D8%AA+%D8%A8%D8%A7%D8%A8%D9%84%E2%80%AD/data=!4m7!3m6!1s0x161d6b4108dbe333:0xe3e6af77c2afe683!8m2!3d13.8528787!4d44.7037249!16s%2Fg%2F11pdf7px4m!19sChIJM-PbCEFrHRYRg-avwnev5uM?authuser=0&hl=en&rclk=1","مجوهرات بابل","5.0","(10)","Jewelry store","Closed","· Opens 8:30 am","·","+967 777 772 879","https://lh3.googleusercontent.com/gps-cs-s/AG0ilSwawZFC0xKgUZXbiIbouHISuxp-TsNwbDOjbrV2dHC-56Z8O36H5lz0CVxD5cz4hGk5WTE9AbdUA3INUS3qfmJPV7PG_zLWUxoxFxNbv38h7-iiEGVcaosMZw9mz6lTFViVYw6p=w80-h106-k-no",""
"https://www.google.com/maps/place/%D9%85%D8%AC%D9%88%D9%87%D8%B1%D8%A7%D8%AA+%D8%A5%D8%A8%E2%80%AD/data=!4m7!3m6!1s0x1603c5003a458e61:0xf514c58ace24b4ad!8m2!3d15.2858022!4d44.2224299!16s%2Fg%2F11ypxhrby6!19sChIJYY5FOgDFAxYRrbQkzorFFPU?authuser=0&hl=en&rclk=1","مجوهرات إب","5.0","(2)","Jewelry store","شارع المقالح","Closed","","+967 780 480 220","https://lh3.googleusercontent.com/p/AF1QipMl9skVSr6UNKA1btDGekf2HBKaalI79UURlAf3=w122-h92-k-no","· Opens 9 am"
"https://www.google.com/maps/place/%D9%85%D8%AC%D9%88%D9%87%D8%B1%D8%A7%D8%AA+%D8%A7%D9%84%D9%85%D8%B3%D8%AA%D9%82%D8%A8%D9%84%E2%80%AD/data=!4m7!3m6!1s0x1603c4e8cf9b537f:0x8bc46991cf9af25c!8m2!3d15.2857783!4d44.2224912!16s%2Fg%2F11gf9bssvp!19sChIJf1Obz-jEAxYRXPKaz5FpxIs?authuser=0&hl=en&rclk=1","مجوهرات المستقبل","4.3","(24)","Jewelry store","الاصبحي, صنعاء‎،","Closed","","+967 773 344 215","https://lh3.googleusercontent.com/p/AF1QipM4kL2hh-AYCuoEjB-wvjSSHfcTpuQNHpOewwc=w80-h106-k-no","· Opens 9 am"
"https://www.google.com/maps/place/%D9%85%D8%AC%D9%88%D9%87%D8%B1%D8%A7%D8%AA+%D8%A7%D9%84%D8%A3%D8%B5%D9%8A%D9%84%E2%80%AD/data=!4m7!3m6!1s0x161d833618d67ae7:0xd73365c9cdfd02f9!8m2!3d13.5261708!4d44.8520232!16s%2Fg%2F11q9m60krv!19sChIJ53rWGDaDHRYR-QL9zcllM9c?authuser=0&hl=en&rclk=1","مجوهرات الأصيل","5.0","(3)","Jewelry store","Open 24 hours","","GVG2+FQG, 215","+967 777 455 263","https://maps.gstatic.com/tactile/pane/result-no-thumbnail-2x.png",""
"https://www.google.com/maps/place/%D9%85%D8%AC%D9%88%D9%87%D8%B1%D8%A7%D8%AA+%D8%A3%D8%A8%D9%88+%D8%A7%D9%84%D8%B1%D8%AC%D8%A7%D9%84%E2%80%AD/data=!4m7!3m6!1s0x161ce97c210d6269:0xab2af1aa0c19b1a9!8m2!3d13.9734583!4d44.1754008!16s%2Fg%2F11fy1l8nb0!19sChIJaWINIXzpHBYRqbEZDKrxKqs?authuser=0&hl=en&rclk=1","مجوهرات أبو الرجال","4.7","(16)","Jewelry store","Closed","· Opens 8 am","X5FG+95J","+967 773 222 210","https://lh3.googleusercontent.com/gps-cs-s/AG0ilSyiq_3LH4qm4MEq7aBNyWu1uizWIkCpa0L5SMvO-KHzZbmXuuMnTgGMwsfHuKLYg85K5QWRwampZgNCpjWRsD-3VaNIkqJG7iUZqHDNm2gs9AZU8BJHncqVv0CYyIxgLmE9ojcOAw=w80-h106-k-no",""
"https://www.google.com/maps/place/%D9%85%D8%AC%D9%88%D9%87%D8%B1%D8%A7%D8%AA+%D9%85%D8%AD%D9%85%D8%AF+%D8%A7%D9%84%D8%B9%D8%B1%D9%8A%D9%81%D9%8A%E2%80%AD/data=!4m7!3m6!1s0x161c5dcc72b4cf6d:0x1c739db4bf53ec52!8m2!3d13.6518499!4d44.1305827!16s%2Fg%2F11fz2x4b58!19sChIJbc-0csxdHBYRUuxTv7Sdcxw?authuser=0&hl=en&rclk=1","مجوهرات محمد العريفي","4.1","(42)","Jewelry store","Open 24 hours","","M42J+P6P","+967 738 813 633","https://lh3.googleusercontent.com/gps-cs-s/AG0ilSyg0DrSmxTXKM2Y6Czl9rVfalpGC1lFcZH1A5SCwVDVTdwKb2jsKmUjqi_awgJ8zzIq40iYPGvqvO7Vkd5FKesFx3sR1zia0sjH_zg7SHE0DLX0eoj9rkO3JezTVT_TbOXvyBQLkg=w80-h142-k-no",""
"https://www.google.com/maps/place/%D9%85%D8%AC%D9%88%D9%87%D8%B1%D8%A7%D8%AA+%D8%A7%D9%84%D8%B9%D9%88%D8%A7%D8%B6%D9%8A%E2%80%AD/data=!4m7!3m6!1s0x161ce979300bffff:0x99e19ee7062cdb92!8m2!3d13.9748394!4d44.1774027!16s%2Fg%2F11g9jdvvkw!19sChIJ__8LMHnpHBYRktssBuee4Zk?authuser=0&hl=en&rclk=1","مجوهرات العواضي","4.0","(35)","Jewelry store","Closed","· Opens 8 am","·","+967 4 407 935","https://lh3.googleusercontent.com/p/AF1QipMoedtV9sSZQ5mjZ8Qw1shPBCZzOD9Y4NVCxIJM=w163-h92-k-no",""
"https://www.google.com/maps/place/%D9%85%D8%AC%D9%88%D9%87%D8%B1%D8%A7%D8%AA+%D9%85%D8%A3%D8%B1%D8%A8+%D8%A7%D9%84%D8%A7%D8%B5%D8%A8%D8%AD%D9%8A+%D8%B4%D8%A7%D8%B1%D8%B9+%D8%A7%D9%84%D9%85%D9%82%D8%A7%D9%84%D8%AD%E2%80%AD/data=!4m7!3m6!1s0x1603c5aca0dadbf3:0x815cc605444a9a8!8m2!3d15.2859657!4d44.2268017!16s%2Fg%2F11kpr0g1rw!19sChIJ89vaoKzFAxYRqKlEVGDMFQg?authuser=0&hl=en&rclk=1","مجوهرات مأرب الاصبحي شارع المقالح","4.4","(17)","Jewelry store","شارع المقالح","Closed","","+967 778 000 090","https://lh3.googleusercontent.com/gps-cs-s/AG0ilSyK8NjoPgv441FANUOTybOOh18HqAv_KtMB1Mba5EwQENNJnsAsHNsCrjBWLcLRtEA0T3xHvOTm3YIyO3FiQmROwASsWJR6x7CUYlCVGX48nIt1lXnXodWZGya-MMXY_oz5re9d=w92-h92-k-no","· Opens 9 am"
"https://www.google.com/maps/place/%D8%A8%D8%B1%D8%B3%D8%AA%D9%8A%D8%AC+%D9%84%D9%84%D9%85%D8%AC%D9%88%D9%87%D8%B1%D8%A7%D8%AA+%28%D8%B0%D9%87%D8%A8%26%D8%A7%D9%84%D9%85%D8%A7%D8%B3%29%E2%80%AD/data=!4m7!3m6!1s0x1603db007b2788dd:0x20ab45248a295ae!8m2!3d15.3404222!4d44.1986263!16s%2Fg%2F11y492cd_5!19sChIJ3YgnewDbAxYRrpWiSFK0CgI?authuser=0&hl=en&rclk=1","برستيج للمجوهرات (ذهب&الماس)","5.0","(14)","Jewelry store","Closed","· Opens 10 am","Haddah St","+967 782 552 000","https://lh3.googleusercontent.com/p/AF1QipNSAhTe8OW03b2hxzXbRIlL7Uy8p3cIkwe6H6nm=w122-h92-k-no",""
"https://www.google.com/maps/place/Alhjami+center+for+gold+jewelery/data=!4m7!3m6!1s0x161ce976176fe6bd:0xee3bc8093cc89454!8m2!3d13.9753492!4d44.185316!16s%2Fg%2F11b75k0z5l!19sChIJveZvF3bpHBYRVJTIPAnIO-4?authuser=0&hl=en&rclk=1","Alhjami center for gold jewelery","4.1","(92)","Jewelry store","اِب شارع الحمزاوي امام الشراعي للصرافه, R125","Closed","","+967 771 283 639","https://lh3.googleusercontent.com/gps-cs-s/AG0ilSxiHbJAkfuCydEFhaKwf2RMH5wRB58NFFQLNOkros2aqMKys5W8n4NYj_ofAjv3RGIY5GW1qN96MhQ4eVwSR9V8mX8rMlJWSIRL02NarvBarpn7v_ju1UVC6uHsbGDxzUncFm4=w80-h142-k-no","· Opens 8 am"
"https://www.google.com/maps/place/%D9%85%D8%AC%D9%88%D9%87%D8%B1%D8%A7%D8%AA+%D8%A7%D8%A8%D9%88%D8%AE%D8%A7%D9%84%D8%AF%E2%80%AD/data=!4m7!3m6!1s0x1605d5d6f37b759f:0xc7940df7471b9b4c!8m2!3d15.6825741!4d43.1719093!16s%2Fg%2F11td392gzp!19sChIJn3V789bVBRYRTJsbR_cNlMc?authuser=0&hl=en&rclk=1","مجوهرات ابوخالد","5.0","(1)","Goldsmith","Open 24 hours","","M5MC+2QJ","","https://maps.gstatic.com/tactile/pane/result-no-thumbnail-2x.png",""
"https://www.google.com/maps/place/Al+Bowani+Jewelry/data=!4m7!3m6!1s0x1603dba8077f3c61:0xf461cf516d7ce319!8m2!3d15.3499107!4d44.198674!16s%2Fg%2F1tvdxtx6!19sChIJYTx_B6jbAxYRGeN8bVHPYfQ?authuser=0&hl=en&rclk=1","Al Bowani Jewelry","3.9","(41)","Jewelry store","Closed","· Opens 8 am","·","+967 1 274 889","https://maps.gstatic.com/tactile/pane/result-no-thumbnail-2x.png",""
"https://www.google.com/maps/place/%D8%A8%D9%86+%D9%85%D8%AB%D9%86%D9%89+%D9%84%D9%84%D9%85%D8%AC%D9%88%D9%87%D8%B1%D8%A7%D8%AA%E2%80%AD/data=!4m7!3m6!1s0x1603db9da4c38efd:0x801d055eee454b65!8m2!3d15.354214!4d44.2068366!16s%2Fg%2F11hyct54ms!19sChIJ_Y7DpJ3bAxYRZUtF7l4FHYA?authuser=0&hl=en&rclk=1","بن مثنى للمجوهرات","4.6","(14)","Jewelry store","Closed","· Opens 9 am","9634+MPP، Unnamed Road","+967 777 164 355","https://lh3.googleusercontent.com/gps-cs-s/AG0ilSwAzcQ-eSiiK__3sAKQPexExXoRJmOPA1Mfd9ht4oHUk6Znefl8Hb_pKuyAuisV2jwMCyKlTfmCwuDCkoRWPSmKSpn_cFezD65OYNqHJ9-LrQTDM83X4Xp-pIs2tuWslOnFeHaG=w80-h106-k-no",""
"https://www.google.com/maps/place/%D9%85%D8%B9%D8%B1%D8%B6+%D8%A7%D9%84%D8%B3%D8%B9%D8%A7%D8%AF%D8%A9+%D9%84%D9%84%D8%B0%D9%87%D8%A8+%D9%88%D8%A7%D9%84%D9%85%D8%AC%D9%88%D9%87%D8%B1%D8%A7%D8%AA%E2%80%AD/data=!4m7!3m6!1s0x1603db5504fe1821:0x416cd2f2139853e7!8m2!3d15.3522138!4d44.2027672!16s%2Fg%2F11h_3hc674!19sChIJIRj-BFXbAxYR51OYE_LSbEE?authuser=0&hl=en&rclk=1","معرض السعادة للذهب والمجوهرات","4.8","(12)","Jewelry store","Closed","· Opens 9 am","9623+V4J","+967 1 273 434","https://lh3.googleusercontent.com/gps-cs-s/AG0ilSzvP9vyLQXUB_J6BKWonck3KP-x7pDa4J3n9ExLhuZ1lhj5kEd8PkxeAMyHB6ml_Ye2AMPfh5bJufxR8H3uvymYk9UCLNgw2UtYkvkWKJr-hRhfPm5HEJIPHt2cs-i4BDn4ZjwI=w122-h92-k-no",""
"https://www.google.com/maps/place/%D9%85%D8%AC%D9%88%D9%87%D8%B1%D8%A7%D8%AA+%D8%A7%D9%84%D9%88%D9%81%D8%A7%D8%A1%E2%80%AD/data=!4m7!3m6!1s0x1603db9d12a5929f:0xfd25c353795e5ba8!8m2!3d15.3542973!4d44.18327!16s%2Fg%2F11c2l1j05d!19sChIJn5KlEp3bAxYRqFteeVPDJf0?authuser=0&hl=en&rclk=1","مجوهرات الوفاء","4.8","(6)","Jewelry store","Closed","· Opens 9 am","953M+P86","+967 777 213 878","https://lh3.googleusercontent.com/gps-cs-s/AG0ilSzbv_a32sdxp7cs6zRRpXo9-eYW4r908oSkx_9lRh3QBQdCBF2DK7yUnE_rhVxmCWgWL1xMgxUpsvP9l8n-z8Re_OvggO9Usf7fFkA9OS6f9DhtKKLM_HWeKYLq7qe3rP9B5jE=w80-h142-k-no",""
"https://www.google.com/maps/place/%D9%85%D8%AC%D9%88%D9%87%D8%B1%D8%A7%D8%AA+%D8%A7%D9%84%D9%85%D8%A7%D8%B3+AlmasJewelry%E2%80%AD/data=!4m7!3m6!1s0x1603db8168e7e155:0xbfd50d710ae7afa4!8m2!3d15.3542142!4d44.2069053!16s%2Fg%2F11snxb4lsy!19sChIJVeHnaIHbAxYRpK_nCnEN1b8?authuser=0&hl=en&rclk=1","مجوهرات الماس AlmasJewelry","4.0","(4)","Jewelry store","صنعاء - التحرير - شارع الدفعي اليمن _, Bab Alsabah","Closed","","+967 775 533 350","https://lh3.googleusercontent.com/p/AF1QipP6Z_xzl3zZcPTYZH9GQE1pYMDlMQRzaCXnBAud=w80-h142-k-no","· Opens 9:30 am"
"https://www.google.com/maps/place/%D9%85%D8%AC%D9%88%D9%87%D8%B1%D8%A7%D8%AA+%D8%B9%D9%88%D9%81%D8%A7%D9%86%E2%80%AD/data=!4m7!3m6!1s0x1603db9555555555:0x286a70f50dbfb9bc!8m2!3d15.3570303!4d44.2184814!16s%2Fg%2F11f5gy31gq!19sChIJVVVVVZXbAxYRvLm_DfVwaig?authuser=0&hl=en&rclk=1","مجوهرات عوفان","4.6","(7)","Jewelry store","شارع صنعاء القديمه شارع رمزي، صنعاء‎،","Closed","","+967 777 585 728","https://lh3.googleusercontent.com/p/AF1QipMhBbXD5bX9ROKxJzE7uviRZVm5y3QMOYz5ocmn=w80-h121-k-no","· Opens 8 am"
"https://www.google.com/maps/place/%D8%B9%D8%A7%D9%84%D9%85+%D8%A7%D9%84%D9%85%D8%AC%D9%88%D9%87%D8%B1%D8%A7%D8%AA%E2%80%AD/data=!4m7!3m6!1s0x161ce97eeb9ed2ed:0x85a98aebe80b90ee!8m2!3d13.9742401!4d44.1753458!16s%2Fg%2F11d_92dj9g!19sChIJ7dKe637pHBYR7pAL6OuKqYU?authuser=0&hl=en&rclk=1","عالم المجوهرات","4.0","(91)","Jewelry store","Closed","· Opens 8 am","X5FG+M4X","+967 774 440 446","https://lh3.googleusercontent.com/gps-cs-s/AG0ilSxzf2FKHvYVeN1LTdHBBGuNDw61AU4VheRTwTICoOSGceSXdeYP7E03396_RECgxrCfYA_VmM8e5nMyeKoG8pTcGU02eaTlBCfOmYqy3EsMVei5ZmNLhUC1y5U8WOLtFZ1X5Mviyg=w80-h142-k-no",""
"https://www.google.com/maps/place/%D9%85%D8%AC%D9%88%D9%87%D8%B1%D8%A7%D8%AA+%D8%A7%D9%84%D9%85%D8%AF%D9%8A%D9%86%D9%87%E2%80%AD/data=!4m7!3m6!1s0x161c6f9837b6efad:0x9299d0de7a51a57b!8m2!3d13.5737257!4d44.0128904!16s%2Fg%2F11q4k1zbn3!19sChIJre-2N5hvHBYRe6VRet7QmZI?authuser=0&hl=en&rclk=1","مجوهرات المدينه","4.0","(52)","Jewelry store","","","","+967 738 543 039","https://lh3.googleusercontent.com/gps-cs-s/AG0ilSx6ghNzcS3zdjDtz-5NXCMmIijHbJ016r367NMcaOBxpRV1qffoSE2yWjCT5dAe3aWOlF2cY1UEnxOaKFhTLRoX98Pme8DfdfxvifnyCfzO_8Je4IGDj0cnrZIREUBw9QbdnzL3Dg=w95-h92-k-no",""
"https://www.google.com/maps/place/%D8%A7%D9%84%D8%AE%D8%B6%D8%B1+%D9%84%D9%84%D8%B0%D9%87%D8%A8+%D9%88%D8%A7%D9%84%D9%85%D8%AC%D9%88%D9%87%D8%B1%D8%A7%D8%AA+%D8%B9%D8%A7%D9%84%D9%85+%D9%85%D9%86+%D8%A7%D8%AE%D8%AA%D9%8A%D8%A7%D8%B1%D9%8A%E2%80%AD/data=!4m7!3m6!1s0x3dff370a631399ff:0x14420c76269010fb!8m2!3d15.4633475!4d45.32582!16s%2Fg%2F11fm2p0f89!19sChIJ_5kTYwo3_z0R-xCQJnYMQhQ?authuser=0&hl=en&rclk=1","الخضر للذهب والمجوهرات عالم من اختياري","4.7","(9)","Jewelry store","Unnamed Road, مأرب، الشارع العام","Open 24 hours","","+967 715 566 200","https://lh3.googleusercontent.com/gps-cs-s/AG0ilSyJIbuf1D_Cxv3PKTJdQz59cF_QOAZZHc6PQ2b0muFGyIzPx6M2cbcoPrvSwK3YaduHD4y9nIy7DFr8yy5ZQS9fXadz8EJeU04PtX_ryH3_QLfJwEJPw2b48b0Eq7e_eeXvEDWDcA=w80-h164-k-no",""
"https://www.google.com/maps/place/%D9%85%D8%AC%D9%88%D9%87%D8%B1%D8%A7%D8%AA+%D8%A7%D9%84%D9%85%D8%AC%D8%AF%E2%80%AD/data=!4m7!3m6!1s0x161cf5a661ce2ccb:0xb75f110d0751cf13!8m2!3d13.755908!4d44.1292125!16s%2Fg%2F11sbzx28hn!19sChIJyyzOYab1HBYRE89RBw0RX7c?authuser=0&hl=en&rclk=1","مجوهرات المجد","4.8","(4)","Jewelry store","Closed","· Opens 8 am","·","+967 777 904 004","https://lh3.googleusercontent.com/p/AF1QipM5P7NlnSpXZirwiCAdby_cq4x8yH5dQF71jNlZ=w80-h169-k-no",""
"https://www.google.com/maps/place/%D9%85%D8%AC%D9%88%D9%87%D8%B1%D8%A7%D8%AA+%D8%A7%D9%84%D8%A7%D9%86%D8%A7%D9%82%D9%87%E2%80%AD/data=!4m7!3m6!1s0x161d6d18e0741f13:0x2ba012b1ceb7e2ca!8m2!3d13.7485584!4d44.754259!16s%2Fg%2F11l8lry8lm!19sChIJEx904BhtHRYRyuK3zrESoCs?authuser=0&hl=en&rclk=1","مجوهرات الاناقه","4.8","(4)","Jewelry store","","","PQX3+CPC، Unnamed Road","","https://lh3.googleusercontent.com/gps-cs-s/AG0ilSx62EMmaopaLN_N4BMRFofD1BSXS_2lWDs94Ajj5dmZSC-8kNOy_w821_Brab7yKrQTBcpqrba7ql8s-cYCwweOvVuzyOYH1mE2bFaXle6pToNANajY1kDXEWuVnrshCL8cWkQ=w80-h106-k-no",""
"https://www.google.com/maps/place/%D9%85%D8%AC%D9%88%D9%87%D8%B1%D8%A7%D8%AA+%D8%A7%D9%84%D9%82%D9%8A%D8%B1%D9%8A%E2%80%AD/data=!4m7!3m6!1s0x1603dbe620aa8ba1:0x9fb8d6909ff7c433!8m2!3d15.3548642!4d44.2163548!16s%2Fg%2F11sbl1yfzg!19sChIJoYuqIObbAxYRM8T3n5DWuJ8?authuser=0&hl=en&rclk=1","مجوهرات القيري","5.0","(3)","Jewelry store","9638+WHM، سوق الذهب","Closed","","+967 776 012 406","https://lh3.googleusercontent.com/gps-cs-s/AG0ilSxRXtNs10ol-qmSZ-LjsVtth9HTt8no7WGN0Hp3X55ojJxGv_WvVL7gFDqD4q20nCegSj6FYBZfQAbewgxapDLaSfh9eutQq8IOYlk2KhqCPaDgDIoSaFv7kERDhoOZVYSX0rec=w80-h106-k-no","· Opens 8 am"
"https://www.google.com/maps/place/%D8%A7%D9%84%D8%B0%D8%A8%D8%AD%D8%A7%D9%86%D9%8A+%D9%84%D9%84%D9%85%D8%AC%D9%88%D9%87%D8%B1%D8%A7%D8%AA%E2%80%AD/data=!4m7!3m6!1s0x1603c5168dbc2471:0xfda4796501295558!8m2!3d15.2857743!4d44.2232725!16s%2Fg%2F11dxck9qsp!19sChIJcSS8jRbFAxYRWFUpAWV5pP0?authuser=0&hl=en&rclk=1","الذبحاني للمجوهرات","3.9","(25)","Jewelry designer","المقالح","Closed","","","https://lh3.googleusercontent.com/gps-cs-s/AG0ilSwPuoWPIoGe0hlG65Rql4wU-CaSEt8ysbpe5pcLEKcpimlJpsZEP6VV5VpZdyM9qmUhYly5Lrc8FZvlgT7vpoqGoIKYIIIFGYNeTB8xDC99KM3i0m6JOrIrFFVwguNWTik-Fa5z=w80-h106-k-no","· Opens 9:30 am"
"https://www.google.com/maps/place/Ali+Jewelry/data=!4m7!3m6!1s0x161ce97c214a7d91:0x9f2a48c2b2f00e41!8m2!3d13.9734641!4d44.1752576!16s%2Fg%2F11dzdw52d0!19sChIJkX1KIXzpHBYRQQ7wssJIKp8?authuser=0&hl=en&rclk=1","Ali Jewelry","4.8","(4)","Jewelry store","Closed","· Opens 8 am","·","+967 4 427 364","https://maps.gstatic.com/tactile/pane/result-no-thumbnail-2x.png",""
"https://www.google.com/maps/place/%D9%85%D8%AC%D9%88%D9%87%D8%B1%D8%A7%D8%AA+%D8%A7%D9%84%D8%B9%D8%A8%D8%A7%D8%B3%D9%8A%E2%80%AD/data=!4m7!3m6!1s0x1602bd40b9992b97:0x66f00bd684ce98f6!8m2!3d14.4174228!4d44.8358015!16s%2Fg%2F11gcnbc669!19sChIJlyuZuUC9AhYR9pjOhNYL8GY?authuser=0&hl=en&rclk=1","مجوهرات العباسي","4.3","(13)","Jewelry store","CR8P+X87، شارع باب المستشفى","Closed","","+967 6 550 706","https://lh3.googleusercontent.com/gps-cs-s/AG0ilSwuPbsKctBvrqTL5hNkUcDhKV2Dn7PVL6XeE0zatEfdQmuWUejSHg_mW1ZgtPB0nqpJSRI2tJfp4pK0nis8ubC64jJ2MwVVZiqNnwip4HuQvjbjqOlRxTvkdJLbu2_7f89uSmPCsA=w80-h142-k-no","· Opens 8:30 am"
"https://www.google.com/maps/place/%D9%85%D8%AC%D9%88%D9%87%D8%B1%D8%A7%D8%AA+%D8%A7%D9%84%D9%85%D9%84%D9%83%D8%A9%E2%80%AD/data=!4m7!3m6!1s0x1603c53c53bdcba7:0x152f2e77356de5e7!8m2!3d15.2857367!4d44.2225803!16s%2Fg%2F11flvbt340!19sChIJp8u9UzzFAxYR5-VtNXcuLxU?authuser=0&hl=en&rclk=1","مجوهرات الملكة","4.0","(12)","Jewelry store","بيت بوس، صنعاء‎،","Closed","","+967 775 919 990","https://lh3.googleusercontent.com/gps-cs-s/AG0ilSyNWdVcB1zFP1Qpt2SoTxI5mePjVZGRI8q2v3wjgbHP9TbVQtAsmQ31tBo1DRO4Tmy7tmUW8YB6T-c37q38kgaLKH8z8rvi09AE9nSrxENN6Mdg4QIauyEl0FG9q4uyxQZX7Zg=w122-h92-k-no","· Opens 9 am"
"https://www.google.com/maps/place/%D9%85%D8%AC%D9%88%D9%87%D8%B1%D8%A7%D8%AA+%D8%B9%D9%85%D8%B1+%D8%A7%D9%84%D8%B9%D9%81%D9%8A%D9%81%E2%80%AD/data=!4m7!3m6!1s0x161c6f7476be658f:0x411b2c296a983d36!8m2!3d13.5752326!4d44.0075575!16s%2Fg%2F11ghfd6w2s!19sChIJj2W-dnRvHBYRNj2YaiksG0E?authuser=0&hl=en&rclk=1","مجوهرات عمر العفيف","4.9","(11)","Jewelry store","26th September St، مديرية التعزية، اليَمَن","Closed","·","+967 775 790 533","https://lh3.googleusercontent.com/p/AF1QipOhAE42A6jWWC2t1JStXPjzKAtGPLzExie_QW71=w100-h92-k-no","· Opens 9 am"
"https://www.google.com/maps/place/%D9%85%D8%AC%D9%88%D9%87%D8%B1%D8%A7%D8%AA+%D8%A7%D9%84%D8%A7%D9%85%D9%8A%D9%86%E2%80%AD/data=!4m7!3m6!1s0x1603c58139f5967b:0x7076099893858357!8m2!3d15.2860311!4d44.2253445!16s%2Fg%2F11mpfyd3t3!19sChIJe5b1OYHFAxYRV4OFk5gJdnA?authuser=0&hl=en&rclk=1","مجوهرات الامين","4.8","(4)","Jewelry store","صنعاء،الاصبحي، شارع المقالح","","","","https://maps.gstatic.com/tactile/pane/result-no-thumbnail-2x.png",""
"https://www.google.com/maps/place/%D9%85%D8%AC%D9%88%D9%87%D8%B1%D8%A7%D8%AA+%D9%82%D9%84%D8%A8+%D8%AF%D8%A8%D9%8A%E2%80%AD/data=!4m7!3m6!1s0x3dff37d193c98cff:0xa5c97ae3eb5b250b!8m2!3d15.4632584!4d45.3235376!16s%2Fg%2F11gxsvbnp4!19sChIJ_4zJk9E3_z0RCyVb6-N6yaU?authuser=0&hl=en&rclk=1","مجوهرات قلب دبي","5.0","(3)","Jewelry store","Closed","· Opens 8 am","F87F+8C3","+967 6 300 770","https://maps.gstatic.com/tactile/pane/result-no-thumbnail-2x.png",""
"https://www.google.com/maps/place/Rawaa+jewelry./data=!4m7!3m6!1s0x1603db9b21e1b861:0xee20e41c20d09efd!8m2!3d15.3529405!4d44.183587!16s%2Fg%2F11s3y3__32!19sChIJYbjhIZvbAxYR_Z7QIBzkIO4?authuser=0&hl=en&rclk=1","Rawaa jewelry.","4.7","(3)","Jewelry store","","","953M+5CG 28","","https://lh3.googleusercontent.com/gps-cs-s/AG0ilSxZ-eTdrK5GtP5igCBanZeQLzDKkdks7ZPwiF9DxV8Px3gqX5rGPNULGNUh3A-0fwZQNUyEM-ti6LRpt3ziOOZsV5KKV2nPSzP4pdbBiUKlteQgIR3ox95qAjyrkkpfVtIAPKnpjvfvEs8P=w80-h112-k-no",""
"https://www.google.com/maps/place/%D9%85%D8%AC%D9%88%D9%87%D8%B1%D8%A7%D8%AA+%D8%A8%D9%8A%D8%AA+%D8%A7%D9%84%D8%B0%D9%87%D8%A8%7C%D8%A3%D8%B3%D8%A7%D9%85%D8%A9+%D8%A7%D9%84%D8%B1%D9%81%D8%A7%D8%B9%D9%8A+%D9%81%D8%B1%D8%B91%E2%80%AD/data=!4m7!3m6!1s0x1603db8daeeff78b:0x66cbd135fd51bf25!8m2!3d15.35421!4d44.2069241!16s%2Fg%2F11jj1vb2h6!19sChIJi_fvro3bAxYRJb9R_TXRy2Y?authuser=0&hl=en&rclk=1","مجوهرات بيت الذهب|أسامة الرفاعي فرع1","4.6","(7)","Jewelry store","شارع الدفعي، ميدان التحرير، صنعاء‎، اليَمَن، صنعاء‎،، باب السباح","Closed","","+967 775 533 350","https://lh3.googleusercontent.com/p/AF1QipNJGUDEajO7WFweK61E0HiPV6KrAuMsT1wiVF-o=w80-h103-k-no","· Opens 9 am"
"https://www.google.com/maps/place/Al-Eklil+for+Jewellery/data=!4m7!3m6!1s0x1603db9d12abc1d5:0x12c717d9bf6fba28!8m2!3d15.3542923!4d44.1832755!16s%2Fg%2F1tf8k8mg!19sChIJ1cGrEp3bAxYRKLpvv9kXxxI?authuser=0&hl=en&rclk=1","Al-Eklil for Jewellery","3.9","(7)","Jewelry store","Closed","· Opens 10 am","Hayel","+967 1 213 557","https://lh3.googleusercontent.com/gps-cs-s/AG0ilSzkfGuzdAau5XpVB3EQVugOQpHIozOO1UHrrTnMLTnGbApOlaeMvrJXi3oYNjGPCT25hf0Rw1AuYRaDWYIV7P0bqGb248Bj6arVCNS4ht_LukCVGhIjxK8C0Pfe8Sh-s4AW_SQ=w80-h142-k-no",""
"https://www.google.com/maps/place/%D9%85%D8%AC%D9%88%D9%87%D8%B1%D8%A7%D8%AA+%D8%A7%D9%84%D9%86%D9%82%D9%8A%D8%A8%E2%80%AD/data=!4m7!3m6!1s0x1603c58a1ac44d25:0xb6ea714bfb2bae62!8m2!3d15.3058722!4d44.1973392!16s%2Fg%2F11s2lxh9yd!19sChIJJU3EGorFAxYRYq4r-0tx6rY?authuser=0&hl=en&rclk=1","مجوهرات النقيب","5.0","(5)","Goldsmith","Closed","· Opens 9 am","Zero St","+967 777 771 859","https://lh3.googleusercontent.com/gps-cs-s/AG0ilSwxnkXR1Q843Jdqfn48mXbS10IaiD7b0TvgMsPtD8VjZwdUf8urJ5otgkZ2MKhl4Og81lWGxUlH-H8mRpxUjBJ9VFbfTSvvorsQzvFTOqXvZ5y9InBpYoQi0Ae_cAdb9A8pM1wHdQ=w80-h164-k-no",""
"https://www.google.com/maps/place/%D9%85%D8%AC%D9%88%D9%87%D8%B1%D8%A7%D8%AA+%D9%85%D9%83%D8%A9%E2%80%AD/data=!4m7!3m6!1s0x1602e1b89f1cea7b:0x84e8bd1b661bdf9b!8m2!3d14.5484555!4d44.4020916!16s%2Fg%2F11fjs550by!19sChIJe-ocn7jhAhYRm98bZhu96IQ?authuser=0&hl=en&rclk=1","مجوهرات مكة","4.8","(8)","Jewelry store","Closed","· Opens 9 am","GCX2+9RP, Old Ring Rd","+967 6 505 900","https://lh3.googleusercontent.com/gps-cs-s/AG0ilSx13f9eOWbrURV-N_OJ7IrtMM-IMsbC8Ie5QWfJGVXKZqedtV167Daj3DfQlinnR1rnyUOKXfqd1w20cpowWRCWWhhHg_ZO6YSRQlILY-YbFyqRgnqGWursJnw_UCHq4-j6KMAx=w92-h92-k-no",""
"https://www.google.com/maps/place/%D9%85%D8%AC%D9%88%D9%87%D8%B1%D8%A7%D8%AA+%D8%A7%D9%84%D9%86%D9%87%D8%B6%D8%A9+Al-Nahda+jewelry%E2%80%AD/data=!4m7!3m6!1s0x1603d9466d1f4891:0x91bf1a39b80b8bb2!8m2!3d15.4008649!4d44.1792759!16s%2Fg%2F11k9d72dmk!19sChIJkUgfbUbZAxYRsosLuDkav5E?authuser=0&hl=en&rclk=1","مجوهرات النهضة Al-Nahda jewelry","4.7","(9)","Jewelry store","Closed","· Opens 8:30 am","C52H+8PC، Unnamed Road","","https://lh3.googleusercontent.com/gps-cs-s/AG0ilSxtJwkpFbFdF_dvNg5kupi4P4hEV35e0MlvNDf25RTi58qv_yxozhpbvYkFuDrS6L8T6Ev3d6a7jUrX1HB66CCDjveJRB4gQxQ16d7v_z2hHCr_Rh7-jNzlpAgV-bRWaYU-gWYP=w125-h92-k-no",""
"https://www.google.com/maps/place/%D9%85%D8%AC%D9%88%D9%87%D8%B1%D8%A7%D8%AA+%D9%85%D8%A3%D8%B1%D8%A8%E2%80%AD/data=!4m7!3m6!1s0x1603db6eda1ebcf5:0x8e711d1df3aa8ebb!8m2!3d15.3500758!4d44.1989253!16s%2Fg%2F11hzmt2lc1!19sChIJ9bwe2m7bAxYRu46q8x0dcY4?authuser=0&hl=en&rclk=1","مجوهرات مأرب","3.5","(25)","Jewelry store","Closed","· Opens 10 am","Jamal Abdul Nasir Street","+967 781 000 060","https://lh3.googleusercontent.com/gps-cs-s/AG0ilSw7450sK_o6vQBCmrowle442PHbme7mV7bel09w-r-N94NANri1KpthL3QQUmO6e4Os-j0QV1_Jb_OFkiuWyj2HNiCUxEn40r_bRbfmso8XwQDRKM5QXTPwSDPiCyccygXTnIrKcg=w80-h100-k-no",""
"https://www.google.com/maps/place/%D9%85%D8%AC%D9%88%D9%87%D8%B1%D8%A7%D8%AA+%D8%A7%D9%84%D8%B3%D9%86%D9%8A%D9%86%D8%A9%E2%80%AD/data=!4m7!3m6!1s0x1603dd8b0b30d875:0xdf2f5b6a4f0bf2e7!8m2!3d15.3593543!4d44.1712339!16s%2Fg%2F11nmt4bgxl!19sChIJddgwC4vdAxYR5_ILT2pbL98?authuser=0&hl=en&rclk=1","مجوهرات السنينة","4.7","(3)","Jewelry store","Closed","· Opens 2 pm","955C+PFX","","https://lh3.googleusercontent.com/gps-cs-s/AG0ilSwZniIg1UWUTS_5P3voHWRBrKfHnwYZeE-CeSQTAvA2A49WFDxQdDC6hMz5d_8GWyImEjCGf5JtCtfaXP_g2lYbWxHLVDZA0Lq9znfFXKFh8VWPp5QtRGWBtfWqNl-B0FrV0Laj=w163-h92-k-no",""
"https://www.google.com/maps/place/%D9%85%D8%AC%D9%88%D9%87%D8%B1%D8%A7%D8%AA+%D8%A7%D9%84%D9%85%D8%AD%D9%88%D9%8A%D8%AA%D9%8A+%D9%84%D9%84%D8%B0%D9%87%D8%A8+%D9%88%D8%A7%D9%84%D9%85%D8%AC%D9%88%D9%87%D8%B1%D8%A7%D8%AA%E2%80%AD/data=!4m7!3m6!1s0x1603db73121d615b:0x98bc8ff96812adbc!8m2!3d15.3509693!4d44.2005528!16s%2Fg%2F11fvvzwqs2!19sChIJW2EdEnPbAxYRvK0SaPmPvJg?authuser=0&hl=en&rclk=1","مجوهرات المحويتي للذهب والمجوهرات","4.7","(6)","Jewelry store","Closed","· Opens 9 am","9622+96M","+967 1 495 726","https://lh3.googleusercontent.com/gps-cs-s/AG0ilSyG3WbgcDyfFoDZzKNgTUAr6o7OX7w7UAoeWKA4O3TAulGOI5QNk3JLVukoQMl0OEkKEx4CUAKuCGfcM-ROxxA92-14LgtmQkeSuY2iP1t7BlGQxzVxY3EHeh3l3i4th_p4jJ5e=w80-h106-k-no",""
"https://www.google.com/maps/place/%D8%A7%D9%84%D8%B9%D8%B1%D9%8A%D9%81%D9%8A+%D9%84%D9%84%D9%85%D8%AC%D9%88%D9%87%D8%B1%D8%A7%D8%AA+Alarifi+For+Jewelry%E2%80%AD/data=!4m7!3m6!1s0x1603dbde3534e10b:0x74835051ba57f6b8!8m2!3d15.3063625!4d44.2361094!16s%2Fg%2F11v0x_1hwv!19sChIJC-E0Nd7bAxYRuPZXulFQg3Q?authuser=0&hl=en&rclk=1","العريفي للمجوهرات Alarifi For Jewelry","4.5","(8)","Jewelry store","Closed","· Opens 9 am","864P+GCX","+967 777 111 494","https://lh3.googleusercontent.com/p/AF1QipPxH0jNbVWaOD5-2IAk2OTfm3ShUQdidps9A6GG=w80-h106-k-no",""
"https://www.google.com/maps/place/%D9%85%D8%AC%D9%88%D9%87%D8%B1%D8%A7%D8%AA+%D8%A7%D9%84%D8%B9%D9%82%D8%AF+%D8%A7%D9%84%D8%A7%D9%86%D9%8A%D9%82%E2%80%AD/data=!4m7!3m6!1s0x1603d9b707b0a481:0x555fa36c7cc557d!8m2!3d15.3984752!4d44.1773303!16s%2Fg%2F11llt5jkwk!19sChIJgaSwB7fZAxYRfVXMxzb6VQU?authuser=0&hl=en&rclk=1","مجوهرات العقد الانيق","4.3","(10)","Jewelry store","شارع الستين الشمالي جوار طيبه صنعاء‎،","Closed","","+967 717 000 013","https://lh3.googleusercontent.com/gps-cs-s/AG0ilSwJ8tIHxJM77N_9kmxdyusrTpplHoColFqOhixkBIdOg0_M2nKn4MEflePtEm_4n1fJ-QSU1Mb1l9KpAcXKaXycK3r_Yw13TRkELarmdhoeRXvQ3uog-i6FN3Bn99Qv01uFpwFgtA=w194-h92-k-no","· Opens 8 am"
"https://www.google.com/maps/place/%D9%85%D8%AC%D9%88%D9%87%D8%B1%D8%A7%D8%AA+%D8%A8%D8%B4%D9%8A%D8%B1+%D8%A7%D9%84%D8%AD%D8%B3%D9%8A%D9%86%E2%80%AD/data=!4m7!3m6!1s0x161c6f0d7a802bf3:0xfc072c2ff2b587a7!8m2!3d13.5753003!4d44.0071721!16s%2Fg%2F11fmsf3h2s!19sChIJ8yuAeg1vHBYRp4e18i8sB_w?authuser=0&hl=en&rclk=1","مجوهرات بشير الحسين","4.2","(6)","Jewelry store","شارع باب موسى","Closed","","+967 774 550 292","https://lh3.googleusercontent.com/p/AF1QipOWIFAaCRuClX8cDi90MljRp5C5a1Lvql2X0AJd=w80-h125-k-no","· Opens 8 am"
"https://www.google.com/maps/place/%D9%85%D8%AC%D9%88%D9%87%D8%B1%D8%A7%D8%AA+%D8%A3%D8%A8%D9%88+%D8%AD%D8%A7%D9%81%D8%B8+%D8%A7%D9%84%D9%83%D8%A8%D9%88%D8%AF%D9%8A%E2%80%AD/data=!4m7!3m6!1s0x161c67612a225dc3:0x284af62c88cdd513!8m2!3d13.6101603!4d44.0923202!16s%2Fg%2F11t9fbz19_!19sChIJw10iKmFnHBYRE9XNiCz2Sig?authuser=0&hl=en&rclk=1","مجوهرات أبو حافظ الكبودي","5.0","(8)","Jewelry store","الحوبان الشارع الرئيسي بوابة سوق الصايدي التجاري الفرع الوحيد سوق الصايدي جوار أمين القباطي للخيوط أمام مسعد للعطور تعز","Closed","","+967 784 413 000","https://lh3.googleusercontent.com/p/AF1QipMwUWJJem-TYYfu47PCwgUoZTQR-5H-A9bfV1mg=w109-h92-k-no","· Opens 8 am"
"https://www.google.com/maps/place/%D9%85%D8%AC%D9%88%D9%87%D8%B1%D8%A7%D8%AA+%D8%A3%D8%A8%D9%88+%D8%AE%D8%A7%D9%84%D8%AF%E2%80%AD/data=!4m7!3m6!1s0x161b255824ca33e3:0x1bdfd20d0e483564!8m2!3d14.3523909!4d43.3192199!16s%2Fg%2F11c2r6c2qy!19sChIJ4zPKJFglGxYRZDVIDg3S3xs?authuser=0&hl=en&rclk=1","مجوهرات أبو خالد","4.2","(39)","Jewelry store","Closed","· Opens 8 am","9829+XM5","+967 736 839 839","https://lh3.googleusercontent.com/gps-cs-s/AG0ilSwtrb7OZxdD41bTyytHj-CoYNKOmjRjd2OyfcPjD6d_uqWx9MTQUprfmQjIX1g8sW0YymuwPZHZefj0-VuhxGY5FxVuwAJlMIQmWBcWkre-eNoFreE-0j5f5Y3qh1ZeWMlBF19NtA=w122-h92-k-no",""
"https://www.google.com/maps/place/%D9%85%D8%AC%D9%88%D9%87%D8%B1%D8%A7%D8%AA+%D8%B7%D9%8A%D8%A8%D8%A9+%D8%AC%D9%88%D9%84%D8%AF%E2%80%AD/data=!4m7!3m6!1s0x1603c50054c844ff:0xa3b0478eaf01b227!8m2!3d15.2859833!4d44.2236453!16s%2Fg%2F11y8tklgv_!19sChIJ_0TIVADFAxYRJ7IBr45HsKM?authuser=0&hl=en&rclk=1","مجوهرات طيبة جولد","5.0","(2)","Jewelry store","","","76PF+9FC","","https://maps.gstatic.com/tactile/pane/result-no-thumbnail-2x.png",""
"https://www.google.com/maps/place/%D9%85%D8%AC%D9%88%D9%87%D8%B1%D8%A7%D8%AA+%D8%B4%D8%B1%D9%81+%D8%A7%D9%84%D8%AD%D9%83%D9%8A%D9%85%D9%8A%E2%80%AD/data=!4m7!3m6!1s0x161cf561bd0e272f:0xd7543a5681463f6a!8m2!3d13.7555244!4d44.1292443!16s%2Fg%2F11nxsz_wwn!19sChIJLycOvWH1HBYRaj9GgVY6VNc?authuser=0&hl=en&rclk=1","مجوهرات شرف الحكيمي","4.2","(6)","Jewelry store","Closed","· Opens 8 am","","+967 777 683 030","https://lh3.googleusercontent.com/p/AF1QipP6B9DVuzTEffSBePk1WCNjfRwsS56PJTXnPqjL=w80-h159-k-no",""
"https://www.google.com/maps/place/%D9%85%D8%AC%D9%88%D9%87%D8%B1%D8%A7%D8%AA+%D8%A7%D9%84%D8%A8%D8%BA%D8%AF%D8%A7%D8%AF%D9%8A%E2%80%AD/data=!4m7!3m6!1s0x1605a94858a6d19d:0xf22f333fc84311bc!8m2!3d15.216077!4d43.0717067!16s%2Fg%2F11khmh32pc!19sChIJndGmWEipBRYRvBFDyD8zL_I?authuser=0&hl=en&rclk=1","مجوهرات البغدادي","5.0","(2)","Jewelry store","","","638C+CM7","","https://lh3.googleusercontent.com/gps-cs-s/AG0ilSyvsPJ1nMdrFRJVyohRNnluisc_swggVjJvAlm9goTu3esSUkkwY0ZE2AiUlqjCOg4fEyYCdDBqKdeQIg6HZNGaaMvjZ3_K49CmFzf9xtO84k36jjsoPR_kWZ7T1_PcitSYQpSRZ9RvAtHd=w80-h142-k-no",""
"https://www.google.com/maps/place/%D9%85%D8%AC%D9%88%D9%87%D8%B1%D8%A7%D8%AA+%D8%A7%D9%84%D9%88%D9%81%D8%A7%D8%A1%E2%80%AD/data=!4m7!3m6!1s0x16032b002459f037:0x9a915336127b2b6f!8m2!3d14.2951044!4d44.3810079!16s%2Fg%2F11lmdr26pr!19sChIJN_BZJAArAxYRbyt7EjZTkZo?authuser=0&hl=en&rclk=1","مجوهرات الوفاء","5.0","(2)","Jewelry store","79WJ+3C3، اليمن","","","","https://maps.gstatic.com/tactile/pane/result-no-thumbnail-2x.png",""
"https://www.google.com/maps/place/Al-abasi+Jewelry/data=!4m7!3m6!1s0x1603db76facd89c3:0xcec90c64699e285d!8m2!3d15.3502546!4d44.1843287!16s%2Fg%2F11c61qdh_4!19sChIJw4nN-nbbAxYRXSieaWQMyc4?authuser=0&hl=en&rclk=1","Al-abasi Jewelry","4.0","(63)","Jewelry store","Closed","· Opens 9 am","952M+4P4","+967 1 216 978","https://lh3.googleusercontent.com/gps-cs-s/AG0ilSxSDn6LkYQ4bx_izAsrYCfBodt7JDcK_yFDQhPJNKyuih3UynwKsiqzFm0BTbnPhYU_5ZfO5PSM4Y_aYfKxiK9xl1T00ys47Yk3SFb3I23Ixd0gTaQ-MMh_rbaeGtaSBc0s57E=w80-h106-k-no",""
"https://www.google.com/maps/place/Tangerine+Jewelry/data=!4m7!3m6!1s0x16032a60aec31abf:0x9ad01972fc77e644!8m2!3d14.2949248!4d44.3807335!16s%2Fg%2F11g65g664c!19sChIJvxrDrmAqAxYRROZ3_HIZ0Jo?authuser=0&hl=en&rclk=1","Tangerine Jewelry","4.2","(23)","Jewelry store","Closed","· Opens 8 am","79VJ+X79","+967 4 500 444","https://lh3.googleusercontent.com/gps-cs-s/AG0ilSz209udxn9vaE7anVNNRVYzghjIPPIpfN3SQ-AU7pDFrF9omiOWMqajOHg4WcCt4eLNPt36jgsi2Bl0LtGwp_h7bz5Vycg9NTbV3ZvWdfd-1IHzjIN8vQKLwQSrS-uwmhy9LN6a=w122-h92-k-no",""
"https://www.google.com/maps/place/%D9%85%D8%AC%D9%88%D9%87%D8%B1%D8%A7%D8%AA+%D8%B5%D8%AF%D8%A7%D9%85+%D8%A7%D9%84%D9%86%D9%82%D9%8A%D8%A8%E2%80%AD/data=!4m7!3m6!1s0x1603dbbb8a07cfb3:0xdb7cbfa19560781b!8m2!3d15.3226033!4d44.2237364!16s%2Fg%2F11hzkf63jr!19sChIJs88HirvbAxYRG3hglaG_fNs?authuser=0&hl=en&rclk=1","مجوهرات صدام النقيب","4.7","(3)","Jewelry store","Closed","· Opens 9 am","16, 16 Meters St","","https://lh3.googleusercontent.com/p/AF1QipMrAz3KzQRQlR7F0_X37Bwxdc0A-aK_mtWxLHmJ=w163-h92-k-no",""
"https://www.google.com/maps/place/Jewelry+Bassam+Al-Khazraji/data=!4m7!3m6!1s0x1604d298aa15eff1:0x1d1d82290c939f6f!8m2!3d14.5172283!4d43.3243945!16s%2Fg%2F11c2y3trdw!19sChIJ8e8VqpjSBBYRb5-TDCmCHR0?authuser=0&hl=en&rclk=1","Jewelry Bassam Al-Khazraji","4.7","(6)","Jewelry store","Closed","· Opens 8 am","G88F+VQR","+967 3 333 060","https://lh3.googleusercontent.com/gps-cs-s/AG0ilSw0gQWQGhnn5jqHNQ3Vb3siW0H2dn8Xd88ksD_tAtm5wdpCC_WkuXAYLCWvd4KuY7quP5QJ-jcNZrH1FIRzKRJrnDt2ZR2lGkWTu99CrUd-57cRH6Yh_sdUuXY2O3Por-4DGs-q8Q=w112-h92-k-no",""
"https://www.google.com/maps/place/%D9%85%D8%AC%D9%88%D9%87%D8%B1%D8%A7%D8%AA+%D8%A7%D9%84%D8%B5%D8%A7%D8%B1%D9%85%E2%80%AD/data=!4m7!3m6!1s0x1603db735b36e84f:0x532cc50a6724f4b8!8m2!3d15.3510007!4d44.18416!16s%2Fg%2F11nngd02p2!19sChIJT-g2W3PbAxYRuPQkZwrFLFM?authuser=0&hl=en&rclk=1","مجوهرات الصارم","5.0","(1)","Jewelry store","الصقر موني للصرافه, هايل جوله عشرين جوار","Closed","","+967 778 335 528","https://lh3.googleusercontent.com/gps-cs-s/AG0ilSwuuI0m806YRQvxuBg7YXlDCU-GEU4bCQ6ThXnNr40ONdGKXfKolS_bpYN05RGYCfZp-rCtJ5_XOm0Hd5638OZjG1hP1FOtysQBUoBMp9dSk_xS0HAscDMvnWUhpHujhuaijAid=w163-h92-k-no","· Opens 9:30 am"
"https://www.google.com/maps/place/%D9%85%D8%AC%D9%88%D9%87%D8%B1%D8%A7%D8%AA+%D8%A7%D9%84%D8%B2%D9%8A%D9%86%E2%80%AD/data=!4m7!3m6!1s0x161ce96f7e544489:0xfbe4c1d8ac15eb76!8m2!3d13.9653293!4d44.1816436!16s%2Fg%2F11f01hjsrv!19sChIJiURUfm_pHBYRdusVrNjB5Ps?authuser=0&hl=en&rclk=1","مجوهرات الزين","5.0","(6)","Jewelry store","Closed","· Opens 8 am","X58J+4MJ","+967 770 326 434","https://lh3.googleusercontent.com/gps-cs-s/AG0ilSzIyLPV0BPBBY6meTzuZEUCKc-l6A-blDnqWUpn3SL95b5gOkC-I483jdFDnwOTAb6IAQd4kld30yiBazD2VEa0XgJhyNasS2RQUClNo-i2Z4PTox8f-wAEIKVJSI9z80wuDjRr=w163-h92-k-no",""
"https://www.google.com/maps/place/%D9%85%D8%AC%D9%88%D9%87%D8%B1%D8%A7%D8%AA+%D8%A7%D9%84%D8%AD%D9%88%D8%B1%D9%8A%E2%80%AD/data=!4m7!3m6!1s0x1603dbc243b7ef81:0xbbb7618feb063d92!8m2!3d15.3526718!4d44.203634!16s%2Fg%2F11gyc7jpkq!19sChIJge-3Q8LbAxYRkj0G649ht7s?authuser=0&hl=en&rclk=1","مجوهرات الحوري","5.0","(4)","Jewelry store","شارع جمال، صنعاء‎،","Closed","","+967 772 877 997","https://lh3.googleusercontent.com/gps-cs-s/AG0ilSyg4oZTqU7Y8_lELk8Y86LmGiqwqGYFNhDbCe-qbQwMgLbPR2SIq_7_Wx0jRa0ZZZcMNEMZsnpqSVIYvjTTVGRQ2aFYUeh41maqTVt7qR410wVBrINltJJ_E9vn62mfFX-RoqAw=w114-h92-k-no","· Opens 10 am"
"https://www.google.com/maps/place/%D9%85%D8%AC%D9%88%D9%87%D8%B1%D8%A7%D8%AA+%D8%A3%D8%A8%D9%86+%D8%A7%D9%84%D8%B9%D8%A8%D8%A7%D8%B3%D9%8A+%D8%B5%D9%86%D8%B9%D8%A7%D8%A1+%D8%B4%D9%85%D9%84%D8%A7%D9%86%E2%80%AD/data=!4m7!3m6!1s0x1603dfb5d1f19607:0x84b1da10080adccd!8m2!3d15.4121876!4d44.148802!16s%2Fg%2F11v675ckfw!19sChIJB5bx0bXfAxYRzdwKCBDasYQ?authuser=0&hl=en&rclk=1","مجوهرات أبن العباسي صنعاء شملان","4.5","(2)","Jewelry store","شملان سوق السوده","","","+967 777 824 498","https://maps.gstatic.com/tactile/pane/result-no-thumbnail-2x.png",""
"https://www.google.com/maps/place/%D9%85%D8%AC%D9%88%D9%87%D8%B1%D8%A7%D8%AA+%D9%88%D8%B1%D8%AF%D8%A9+%D8%AF%D8%A8%D9%8A%E2%80%AD/data=!4m7!3m6!1s0x161ce9f9aa5a2cb3:0xe6bdbd70f29ed123!8m2!3d13.9696185!4d44.1770443!16s%2Fg%2F11txqq3r2l!19sChIJsyxaqvnpHBYRI9Ge8nC9veY?authuser=0&hl=en&rclk=1","مجوهرات وردة دبي","5.0","(1)","Jewelry store","X59G+RRJ، شارع المحافظه","Closed","","","https://maps.gstatic.com/tactile/pane/result-no-thumbnail-2x.png","· Opens 9 am"
"https://www.google.com/maps/place/%D9%85%D8%AC%D9%88%D9%87%D8%B1%D8%A7%D8%AA+%D8%A7%D9%84%D8%AD%D8%A7%D8%AC%D8%A8%D9%8A%E2%80%AD/data=!4m7!3m6!1s0x16015b0c14a3688b:0x8f82aafd8fd70766!8m2!3d15.6587276!4d43.9441729!16s%2Fg%2F11f9g3n_41!19sChIJi2ijFAxbARYRZgfXj_2qgo8?authuser=0&hl=en&rclk=1","مجوهرات الحاجبي","4.9","(9)","Jewelry store","Closed","· Opens 8 am","MW5V+FMV","","https://lh3.googleusercontent.com/gps-cs-s/AG0ilSyny__fQVyxpeGIAfTcszLjgm-qVwqSeMRlB-yR2AwCQXszKTOymJNS6vtRMEPpeia17yPMjIzu4_CQ8hJYP_zplm7tOWioxXPLURRWrGgwx_FLa43Lr2G2OPLAaNRJpPUP2i3XvQ=w80-h142-k-no",""
"https://www.google.com/maps/place/%D9%85%D8%AC%D9%88%D9%87%D8%B1%D8%A7%D8%AA+%D8%A7%D9%84%D8%A8%D8%B3%D9%85%D8%A9+Al_Basma+For+Jewelry%E2%80%AD/data=!4m7!3m6!1s0x1603dbc72b6f10c7:0x1faf0f43c7be9c41!8m2!3d15.3064451!4d44.2362517!16s%2Fg%2F11vb2xxt17!19sChIJxxBvK8fbAxYRQZy-x0MPrx8?authuser=0&hl=en&rclk=1","مجوهرات البسمة Al_Basma For Jewelry","4.0","(3)","Jewelry store","Closed","· Opens 9 am","864P+HFV","+967 777 780 905","https://lh3.googleusercontent.com/gps-cs-s/AG0ilSwV-digMEXuAHbgJ6oUIU9ODIpeCrxWy_riDzQpS2co8PmG3377V_4MQhL4pCIjRsvXgIvjGLbN5YBv6G_4M16h8fos69UwNJ_oFMZs_MCAGBxBBilFnJLmXPW-LMq5MGLN8s3C=w163-h92-k-no",""
"https://www.google.com/maps/place/%D9%85%D8%AC%D9%88%D9%87%D8%B1%D8%A7%D8%AA+%D8%A7%D9%84%D9%82%D8%A7%D8%B3%D9%85%D9%8A%E2%80%AD/data=!4m7!3m6!1s0x1602e1860e5a02d9:0xeb82bf4ec014de96!8m2!3d14.5495999!4d44.4017723!16s%2Fg%2F11n_ymp6t4!19sChIJ2QJaDobhAhYRlt4UwE6_gus?authuser=0&hl=en&rclk=1","مجوهرات القاسمي","5.0","(3)","Jewelry store","GCX2+RPJ ميدان الحكومه","Closed","","+967 6 500 096","https://lh3.googleusercontent.com/gps-cs-s/AG0ilSxZhLj1HbyGZvyjW7YcthbyJ1K9pXf9EkXRJcdQRJA-7WjkrlGHIM0u9SYOrbQmWfAHzF_OzVFZ2c2j-mYEF3cWE4AfFBQrhN5U19Zgvr0w_QQ-MuRs9Plt77hXVLkxUxxK2P2m=w80-h101-k-no","· Opens 8 am"
"https://www.google.com/maps/place/%D9%85%D8%AC%D9%88%D9%87%D8%B1%D8%A7%D8%AA+%D9%85%D9%82%D8%B7%D8%B1%D9%87%E2%80%AD/data=!4m7!3m6!1s0x16053dabb18ffd71:0x9d9d2b43881e24af!8m2!3d14.8155568!4d42.9692563!16s%2Fg%2F11kl40nllb!19sChIJcf2Psas9BRYRryQeiEMrnZ0?authuser=0&hl=en&rclk=1","مجوهرات مقطره","4.0","(2)","Jewelry store","Open","· Closes 12 am","RX89+6PC","","https://lh3.googleusercontent.com/gps-cs-s/AG0ilSxZrJce3GBwnTy3tudlBvO3QfeNzmc7mbZhJcJDvQSnLKDEZLL7q6bq1vYwOVxFkiKj5GJ7_ft9Ix6ay5e8tx1GEGBXjt9Qu_0qkrix2-eUYvJBlBBQoAhpyLsx_KGmPIMDWNI=w80-h92-k-no",""
"https://www.google.com/maps/place/%D9%85%D8%AC%D9%88%D9%87%D8%B1%D8%A7%D8%AA+%D8%A7%D9%84%D8%A8%D8%AD%D8%B1%D9%8A%D9%86%E2%80%AD/data=!4m7!3m6!1s0x1602e10b3de8613d:0x2d98e864d0cc590!8m2!3d14.5483426!4d44.4022501!16s%2Fg%2F11h6yf2q4t!19sChIJPWHoPQvhAhYRkMUMTYaO2QI?authuser=0&hl=en&rclk=1","مجوهرات البحرين","5.0","(1)","Jewelry store","","","Old Ring Rd","","https://maps.gstatic.com/tactile/pane/result-no-thumbnail-2x.png",""
"https://www.google.com/maps/place/%D8%A8%D9%84%D9%8A%D8%BA+%D8%A7%D9%84%D8%A8%D8%B9%D8%AF%D8%A7%D9%86%D9%8A+%D9%84%D9%84%D8%B0%D9%87%D8%A8+%D9%88%D8%A7%D9%84%D9%85%D8%AC%D9%88%D9%87%D8%B1%D8%A7%D8%AA%E2%80%AD/data=!4m7!3m6!1s0x1603da49570c1c89:0xb8e0bef7e92cd6be!8m2!3d15.3596845!4d44.2148742!16s%2Fg%2F11gbl3fm90!19sChIJiRwMV0naAxYRvtYs6fe-4Lg?authuser=0&hl=en&rclk=1","بليغ البعداني للذهب والمجوهرات","3.9","(50)","Jewelry store","Closed","· Opens 8:30 am","·","+967 777 222 280","https://lh3.googleusercontent.com/gps-cs-s/AG0ilSz2zXbqLPCkrkpLeq4h4USdqhUdns0Viynwqr8Z0E_0JSTZcbQIzsMEFxCPy4AV5S7lJ2_fiGaOqPF8NAJuRnFbrFrPSC6fuNU5EJaHrSwpbrBdYkae-EnLcTkDLoOtFz4oTPlTUd0G48xM=w80-h173-k-no",""
"https://www.google.com/maps/place/%D9%85%D8%AC%D9%88%D9%87%D8%B1%D8%A7%D8%AA+%D8%A7%D8%A8%D8%B1%D8%A7%D9%87%D9%8A%D9%85+%D8%A7%D9%84%D8%AB%D9%84%D8%A7%D9%8A%D8%A7%D8%A1%E2%80%AD/data=!4m7!3m6!1s0x1603db3e71d6040b:0x64b4e59c488cf3ec!8m2!3d15.354817!4d44.2164366!16s%2Fg%2F11kj95s71d!19sChIJCwTWcT7bAxYR7POMSJzltGQ?authuser=0&hl=en&rclk=1","مجوهرات ابراهيم الثلاياء","5.0","(1)","Jewelry store","9638+WHM، سوق الذهب","","","","https://maps.gstatic.com/tactile/pane/result-no-thumbnail-2x.png",""
"https://www.google.com/maps/place/%D9%85%D8%AC%D9%88%D9%87%D8%B1%D8%A7%D8%AA+%D8%AD%D9%83%D9%8A%D9%85+%D8%A7%D9%84%D8%B0%D8%A8%D8%AD%D8%A7%D9%86%D9%8A%E2%80%AD/data=!4m7!3m6!1s0x1603c5002acc7029:0xfc55975f01dd3e1c!8m2!3d15.2900162!4d44.2265739!16s%2Fg%2F11ldvr3dvs!19sChIJKXDMKgDFAxYRHD7dAV-XVfw?authuser=0&hl=en&rclk=1","مجوهرات حكيم الذبحاني","5.0","(1)","Jewelry store","Closed","· Opens 9:30 am","76RG+2J4","+967 777 555 714","https://maps.gstatic.com/tactile/pane/result-no-thumbnail-2x.png",""
"https://www.google.com/maps/place/%D9%85%D8%AC%D9%88%D9%87%D8%B1%D8%A7%D8%AA+%D8%A7%D9%84%D8%B3%D8%A7%D9%85%D8%B9%D9%8A%E2%80%AD/data=!4m7!3m6!1s0x1603dbaeccba1d7d:0x2bc9ecc193a36219!8m2!3d15.3527253!4d44.2037034!16s%2Fg%2F11cs262m3f!19sChIJfR26zK7bAxYRGWKjk8HsySs?authuser=0&hl=en&rclk=1","مجوهرات السامعي","4.0","(7)","Jewelry store","Closed","· Opens 9 am","·","+967 770 654 400","https://lh3.googleusercontent.com/gps-cs-s/AG0ilSzOA9PUcFqCnU7hyCs6sW-y2LcxOGMwGVoHSeJzdpjt50GoTBJyxCLFWLned2bmbP2ia9iTDp9Afev7VGqn4qrAn6mA8-XV__yOxMIIjEzfm9TxI-yy21GjfHHQgK497rW5xcGkWw=w87-h92-k-no",""
"https://www.google.com/maps/place/%D9%85%D8%AC%D9%88%D9%87%D8%B1%D8%A7%D8%AA+%D8%A7%D9%84%D9%85%D8%AD%D9%81%D9%88%D8%B8%E2%80%AD/data=!4m7!3m6!1s0x161c6f0059047091:0x152638ffcde903d7!8m2!3d13.5752109!4d44.0076806!16s%2Fg%2F11y4hzc_32!19sChIJkXAEWQBvHBYR1wPpzf84JhU?authuser=0&hl=en&rclk=1","مجوهرات المحفوظ","5.0","(1)","Jewelry store","Closed","· Opens 9 am","·","+967 771 244 673","https://lh3.googleusercontent.com/gps-cs-s/AG0ilSzOkBvoVMj9qH-gf4LQ81EfOauNNhf-vXzFUTp171w2Bh658LbcRL_TO4Z4QwI5dobGKeVtZkJV5WX9nw-dY48wgZGvAb5ZgAf8a71sX98YUlhk3Dxs-MHL8c-frzrY4tjeMxji_w=w80-h106-k-no",""
"https://www.google.com/maps/place/%D9%85%D8%AC%D9%88%D9%87%D8%B1%D8%A7%D8%AA+%D8%A7%D9%84%D9%85%D9%84%D9%83+KING+JEWELRY%E2%80%AD/data=!4m7!3m6!1s0x1603db781ad1758f:0x3416bebf9f40883e!8m2!3d15.3539701!4d44.2152944!16s%2Fg%2F11gxrpy1s2!19sChIJj3XRGnjbAxYRPohAn7--FjQ?authuser=0&hl=en&rclk=1","مجوهرات الملك KING JEWELRY","4.0","(2)","Jewelry store","شارع النظاره / سوق العسوب / سمسرة المنصورة / محل مجوهرات الملك — KING JEWELRY، سوق الملح / سوق العسوب / سمسرة المنصورة محل مجوهرات الملك — KING JEWELRY","Closed","","+967 771 052 584","https://lh3.googleusercontent.com/p/AF1QipO6K4PAWxlG5Gzo4pcATEYYB8E5KRlPZyDLKhl7=w92-h92-k-no","· Opens 9 am"
"https://www.google.com/maps/place/%D9%85%D8%AC%D9%88%D9%87%D8%B1%D8%A7%D8%AA+%D8%A7%D9%84%D8%B9%D8%B5%D8%B1%E2%80%AD/data=!4m7!3m6!1s0x161c6f37cd95ee75:0xfb72bbb7d4959da7!8m2!3d13.5751226!4d44.0078813!16s%2Fg%2F11l1djphls!19sChIJde6VzTdvHBYRp52V1Le7cvs?authuser=0&hl=en&rclk=1","مجوهرات العصر","5.0","(1)","Jewelry store","","","H2G5+343, 26th September St","+967 4 251 030","https://maps.gstatic.com/tactile/pane/result-no-thumbnail-2x.png",""
"https://www.google.com/maps/place/%D9%85%D8%AC%D9%88%D9%87%D8%B1%D8%A7%D8%AA+%D8%A7%D9%84%D8%BA%D9%8A%D8%AB%E2%80%AD/data=!4m7!3m6!1s0x161c6f688c65624f:0x184b9e8c9c87de8f!8m2!3d13.5747668!4d44.0147294!16s%2Fg%2F11h37rvtnd!19sChIJT2JljGhvHBYRj96HnIyeSxg?authuser=0&hl=en&rclk=1","مجوهرات الغيث","5.0","(1)","Jewelry designer","Closed","· Opens 9 am","H2F7+WV5, 26th September Street","+967 777 758 016","https://lh3.googleusercontent.com/gps-cs-s/AG0ilSwfQ6sZ4mwFjcvLuT83YdKm5qO-eKX1lbdOXqKudHsmWc0RWxzx5SeBxyeDEHyDOQD9b0oh5hxQwfbn-odxIEjrnTztGjOdw-ksBvogLaGbexFc0GLTVca9TGpywfUXnpWEiDYU=w80-h106-k-no",""
"https://www.google.com/maps/place/%D9%85%D8%AC%D9%88%D9%87%D8%B1%D8%A7%D8%AA+%D9%82%D9%84%D8%A8+%D8%A7%D9%84%D8%B1%D9%8A%D8%A7%D8%B6%E2%80%AD/data=!4m7!3m6!1s0x1603db4ba0ab546b:0x6e7d0f4e8572e117!8m2!3d15.3516702!4d44.1838487!16s%2Fg%2F11fph7kddl!19sChIJa1SroEvbAxYRF-FyhU4PfW4?authuser=0&hl=en&rclk=1","مجوهرات قلب الرياض","5.0","(8)","Jewelry store","Closed","· Opens 9 am","952M+MG9، 28","+967 1 403 125","https://lh3.googleusercontent.com/gps-cs-s/AG0ilSx9-Mi1yJqxAAg4NP51dIgBrvITCpFDcjGBMCrRYhc-oOR-ntQa_p-UlDciL5JRqzRl3cbvNH7ZiyvvYJ6OCDJb0cYtyNDBA3bwpascSe1Xaw0BL7QNXUFQws0sfxPoFc_eMekv4Q=w80-h149-k-no",""
"https://www.google.com/maps/place/%D9%85%D8%AC%D9%88%D9%87%D8%B1%D8%A7%D8%AA+%D8%A7%D8%A8%D8%B1%D8%A7%D8%AF%E2%80%AD/data=!4m7!3m6!1s0x3dff310d222ca2bd:0x34e9af9d14752070!8m2!3d15.4571885!4d45.4291688!16s%2Fg%2F11smcsdb10!19sChIJvaIsIg0x_z0RcCB1FJ2v6TQ?authuser=0&hl=en&rclk=1","مجوهرات ابراد","5.0","(2)","Jewelry store","FC4H+VMF محطة بن معيلي","","","","https://lh3.googleusercontent.com/gps-cs-s/AG0ilSzeZ9XJ2bADxOfY8N0MumVs2kh1CVIJvB08D0wcHFi7r3Xcyl9Jkq9IOkkfXWLdmrBlo9uAk6yySzovTOrKaPFMch3Qrqw0e8bX7mCjweyA85YCQCeyRSCubeOindJOZZek9YOd=w80-h106-k-no",""
"https://www.google.com/maps/place/Alaafie..riyad+Jewelry/data=!4m7!3m6!1s0x3df79fba3bfaaaaf:0x64702ad6ba92dc74!8m2!3d13.9827502!4d45.5766604!16s%2Fg%2F11dxrz9mcf!19sChIJr6r6O7qf9z0RdNySutYqcGQ?authuser=0&hl=en&rclk=1","Alaafie..riyad Jewelry","3.5","(6)","Jewelry store","","","XHMG+4M3, R 621","","https://lh3.googleusercontent.com/gps-cs-s/AG0ilSygq0Re9OdIr8NRTd5BA7ptts8yclTzrYEBDAgNlcXohk_ifKVz8EJlNEqpeoejQA-j2OsOwNA0eYR8qqIc0tc7GmaOa1dX4K20z6EzhdRtL8kj5BYERHrOcoBaeYwJi0s4dHQXuQ=w80-h142-k-no",""
"https://www.google.com/maps/place/%D9%85%D8%AC%D9%88%D9%87%D8%B1%D8%A7%D8%AA+%D8%B2%D9%87%D8%B1%D8%A9+%D8%A7%D9%84%D8%AE%D9%84%D9%8A%D8%AC%E2%80%AD/data=!4m7!3m6!1s0x161ce91ad833040b:0x6984c9ec04f94722!8m2!3d13.9736624!4d44.1754963!16s%2Fg%2F11s9mt0qpf!19sChIJCwQz2BrpHBYRIkf5BOzJhGk?authuser=0&hl=en&rclk=1","مجوهرات زهرة الخليج","5.0","(2)","Jewelry store","شارع العدين مجمع جرعان","Closed","","+967 4 416 828","https://lh3.googleusercontent.com/p/AF1QipOxCiqIJsttwwGQ9TV9eV8WYtTEy4DFmz6gXQT9=w139-h92-k-no","· Opens 9 am"
"https://www.google.com/maps/place/%D8%AD%D8%B3%D9%86+%D8%A7%D9%84%D8%B9%D8%B1%D9%8A%D9%81%D9%8A+%D9%84%D9%84%D8%B0%D9%87%D8%A8+%D9%88+%D8%A7%D9%84%D9%85%D8%AC%D9%88%D9%87%D8%B1%D8%A7%D8%AA%E2%80%AD/data=!4m7!3m6!1s0x161c6736ca93a669:0x66a60e011a4e961c!8m2!3d13.6100562!4d44.0931344!16s%2Fg%2F11rt40fnz1!19sChIJaaaTyjZnHBYRHJZOGgEOpmY?authuser=0&hl=en&rclk=1","حسن العريفي للذهب و المجوهرات","4.8","(6)","Jewelry store","J36V+27C, تعز-الحوبان","Closed","","+967 777 427 774","https://lh3.googleusercontent.com/gps-cs-s/AG0ilSyNISA5fHFHEtfOSy4kjj2U8Ys8DaQLVoYQIZzfqIKpKVwKk1wEa3Yx6cWNgyhMkuNu3Bd0OmqR7EtH-s2lCmhlckxsIyPF3nQsZ6rwl2EiPSPEsA5XcOIJCAo7wf6n7GMpXQ7rcw=w80-h106-k-no","· Opens 8 am"
"https://www.google.com/maps/place/%D8%AC%D8%B9%D9%88%D8%A7%D9%86+%D9%84%D9%84%D9%85%D8%AC%D9%88%D9%87%D8%B1%D8%A7%D8%AA+Gaawan+Jewellery+Store%E2%80%AD/data=!4m7!3m6!1s0x1603d9918d181a93:0x81c5e5eb140df61f!8m2!3d15.3898955!4d44.2237331!16s%2Fg%2F11c37mwxxt!19sChIJkxoYjZHZAxYRH_YNFOvlxYE?authuser=0&hl=en&rclk=1","جعوان للمجوهرات Gaawan Jewellery Store","3.6","(14)","Jewelry store","Closed","· Opens 9 am","96QF+XF5","","https://lh3.googleusercontent.com/gps-cs-s/AG0ilSyxTmM-i5crHbr8sAhCCLNJGlcHBOxZ-5L5wkOC3RPUAbbSBD-AYuciiBihdpGAi2lLTg89zA19-wNDNMMJ3CB2kTSJ2Iuo5cpNWPc6k19CBIL9yNQjn4BiE6SE6cWGcbJ0OLYn=w80-h106-k-no",""
"https://www.google.com/maps/place/Jewelry+Raouf+Arifi/data=!4m7!3m6!1s0x161c91392fdf63bb:0x1801f3647da56e5b!8m2!3d13.9693123!4d43.9980843!16s%2Fg%2F11d_ypscqt!19sChIJu2PfLzmRHBYRW26lfWTzARg?authuser=0&hl=en&rclk=1","Jewelry Raouf Arifi","3.7","(6)","Jewelry store","Closed","· Opens 8 am","·","+967 777 783 816","https://lh3.googleusercontent.com/p/AF1QipNhVlXW67-kY17nrMYIqnf9uqpTS5aj6JJ3KmKQ=w80-h142-k-no",""
"https://www.google.com/maps/place/%D9%85%D8%AC%D9%88%D9%87%D8%B1%D8%A7%D8%AA+%D8%A7%D9%84%D8%AE%D9%84%D9%8A%D8%AC%E2%80%AD/data=!4m7!3m6!1s0x161ce976557a9183:0x492ca01d50e675e8!8m2!3d13.9739785!4d44.184022!16s%2Fg%2F11gdmdpl1p!19sChIJg5F6VXbpHBYR6HXmUB2gLEk?authuser=0&hl=en&rclk=1","مجوهرات الخليج","4.8","(5)","Jewelry store","X5FM+HJR العباسي الذهب والمجوهرات, Taiz St","Closed","","+967 4 405 049","https://lh3.googleusercontent.com/gps-cs-s/AG0ilSwZGcQBn5-OADrQRZBsAqFIsMOw_xCZdU7RLS2PrLhEIxjagzE_nX4w35dlh4PeI77cDUsk3m8rEX5_AlYDWBWwhwGI6yh44Y4LtEMBtKwGjVSS3zo1dQyD32Opbl1qSH19VtQC7g=w80-h171-k-no","· Opens 8 am"
"https://www.google.com/maps/place/%D9%85%D8%AC%D9%88%D9%87%D8%B1%D8%A7%D8%AA+%D8%A7%D9%84%D8%A5%D8%AE%D9%84%D8%A7%D8%B5+%D9%85%D8%AA%D8%AC%D8%B1+%D8%B0%D9%87%D8%A8%E2%80%AD/data=!4m7!3m6!1s0x1603db4e26f88485:0xc9840d589df42bbc!8m2!3d15.3549482!4d44.1833354!16s%2Fg%2F11t87srf_p!19sChIJhYT4Jk7bAxYRvCv0nVgNhMk?authuser=0&hl=en&rclk=1","مجوهرات الإخلاص متجر ذهب","5.0","(4)","Jewelry store","Closed","· Opens 9:30 am","·","+967 775 203 042","https://lh3.googleusercontent.com/p/AF1QipN2SRgfNlM5Zb3iQ9qgpyx_bi9BjMyAjUjXD8sx=w80-h142-k-no",""
"https://www.google.com/maps/place/Jewelry+bin+Aklan/data=!4m7!3m6!1s0x161ce978e39e7441:0x5a044ef6f3d10cbc!8m2!3d13.9754436!4d44.1784064!16s%2Fg%2F11d_z0ns7b!19sChIJQXSe43jpHBYRvAzR8_ZOBFo?authuser=0&hl=en&rclk=1","Jewelry bin Aklan","5.0","(4)","Jewelry store","Closed","· Opens 8 am","X5GH+59F, R125","","https://maps.gstatic.com/tactile/pane/result-no-thumbnail-2x.png",""
"https://www.google.com/maps/place/%D9%85%D8%AC%D9%88%D9%87%D8%B1%D8%A7%D8%AA+%D8%A7%D9%84%D9%85%D9%87%D9%8A%D9%88%D8%A8+%D8%AF%D8%A7%D8%B1%D8%B3+%D9%85%D9%88%D9%84+%D8%A7%D9%84%D9%82%D8%A7%D8%B3%D9%85%E2%80%AD/data=!4m7!3m6!1s0x1603d9005aa14907:0xfcccfa0aee2f2070!8m2!3d15.4392838!4d44.2156088!16s%2Fg%2F11w87cj2m9!19sChIJB0mhWgDZAxYRcCAv7gr6zPw?authuser=0&hl=en&rclk=1","مجوهرات المهيوب دارس مول القاسم","3.7","(3)","Jewelry store","C6Q8+P69، شارع المطار","Closed","","+967 774 108 675","https://lh3.googleusercontent.com/gps-cs-s/AG0ilSzn5Ms_hQI1HRYGKe2Me8YTaVK0AGVYgmMYu3Yv3OTyS68EZV_ML3ritLm8aUzn49U7Ai4VmHk8q3S-u8REaD7zJyTBzYfcbZZO5shzO8L8m_f5ZUKzYJqec0v6FR7Fq6ZhdzvD=w80-h177-k-no","· Opens 8:30 am"
"https://www.google.com/maps/place/Abu+Deif+Allah+Jewelry/data=!4m7!3m6!1s0x1603da49568008ed:0xd786611c1249290d!8m2!3d15.359246!4d44.21487!16s%2Fg%2F11c2qc_f64!19sChIJ7QiAVknaAxYRDSlJEhxhhtc?authuser=0&hl=en&rclk=1","Abu Deif Allah Jewelry","5.0","(6)","Jewelry store","Closed","· Opens 9:30 am","9657+MWX, Al-Laqiyah St","+967 771 999 964","https://lh3.googleusercontent.com/gps-cs-s/AG0ilSxu6Sk-8bJDsyKsFJprG03R98pPSzWHN2hTYMSCVmFl92O2C0Ngsp4kWOxiYsKon0zR0acq0f8IJP_DvTrxYzORSRTX6YV04v_cI7YGW9ot4PcfNVsfJ9zEqUuuJ0rTcoMF0_8=w163-h92-k-no",""
"https://www.google.com/maps/place/%D9%85%D8%AC%D9%88%D9%87%D8%B1%D8%A7%D8%AA+%D8%A7%D9%84%D9%83%D9%81+%D8%A7%D9%84%D8%B0%D9%87%D8%A8%D9%8A%E2%80%AD/data=!4m7!3m6!1s0x161c6fe9ad375fbd:0x392980cf16dc1401!8m2!3d13.5751936!4d44.0074693!16s%2Fg%2F11kq1jqy8k!19sChIJvV83relvHBYRARTcFs-AKTk?authuser=0&hl=en&rclk=1","مجوهرات الكف الذهبي","5.0","(1)","Jewelry store","Closed","· Opens 8 am","26th September St","+967 733 063 451","https://lh3.googleusercontent.com/p/AF1QipOQEa-p1011KdK5_-zY9HPLBX5zQsEgiH8ezItC=w80-h169-k-no",""
"https://www.google.com/maps/place/%D9%85%D8%AC%D9%88%D9%87%D8%B1%D8%A7%D8%AA+%D8%A7%D9%84%D8%B9%D8%B2%D9%8A%D8%B2%D9%8A%E2%80%AD/data=!4m7!3m6!1s0x160689bf3251c76d:0xcff098be07557d30!8m2!3d15.8550165!4d43.2030799!16s%2Fg%2F11sv725n11!19sChIJbcdRMr-JBhYRMH1VB76Y8M8?authuser=0&hl=en&rclk=1","مجوهرات العزيزي","3.0","(2)","Goldsmith","","","V642+3X","","https://lh3.googleusercontent.com/gps-cs-s/AG0ilSx0NjI1xOoqMcgISoI8UQLHI6tUFhd-PpBBfDuYvecxSw-0rxA5kq61qVv62MyOr5KI9PmdpEUEkmJJtgcDt5IRrheF3YHYk9eQBoGCBpmwDKvZ781qHJiR92fuESSnrod_Iynd=w80-h164-k-no",""
"https://www.google.com/maps/place/%D8%B2%D9%83%D8%B1%D9%8A%D8%A7+%D9%85%D9%87%D8%AF%D9%84%D9%8A+%D9%88%D8%A7%D9%88%D9%84%D8%A7%D8%AF%D9%87+%D9%84%D9%84%D9%85%D8%AC%D9%88%D9%87%D8%B1%D8%A7%D8%AA%E2%80%AD/data=!4m7!3m6!1s0x1605bbbe2723338f:0xb603d22c4c144560!8m2!3d15.3331284!4d43.0058539!16s%2Fg%2F11sfx23srh!19sChIJjzMjJ767BRYRYEUUTCzSA7Y?authuser=0&hl=en&rclk=1","زكريا مهدلي واولاده للمجوهرات","5.0","(1)","Jewelry store","Closed","· Opens 8:30 am","82M4+785","+967 734 261 975","https://lh3.googleusercontent.com/gps-cs-s/AG0ilSxPz5eUWakCa3Y7Sq4zGl-l9MjCOdXuRJsJQZ8oyjL441V92xWPDamp_nRLkCpraUj2sZltGxxwa3pAg8Ucy8cr_A9GQ1sh3T4HYswdmorNt1PcG8A1SiUinS99ZKFIaV8Anig=w80-h169-k-no",""
"https://www.google.com/maps/place/Abu+Bugel+gold+jewelry/data=!4m7!3m6!1s0x1603daee5e66067b:0xd0a3a1bfe7a0a882!8m2!3d15.3321566!4d44.2229707!16s%2Fg%2F11dym8r0nb!19sChIJewZmXu7aAxYRgqig57-ho9A?authuser=0&hl=en&rclk=1","Abu Bugel gold jewelry","4.3","(14)","Jewelry store","Closed","· Opens 9 am","86JF+V59","","https://maps.gstatic.com/tactile/pane/result-no-thumbnail-2x.png",""
"https://www.google.com/maps/place/%D9%85%D8%AC%D9%88%D9%87%D8%B1%D8%A7%D8%AA+%D8%A7%D8%A8%D9%88+%D8%B9%D8%A7%D8%AF%D9%84%E2%80%AD/data=!4m7!3m6!1s0x16053b7f9df1e94d:0x1f6f597dea7485e6!8m2!3d14.7970799!4d42.9457056!16s%2Fg%2F11hzyz1l4q!19sChIJTenxnX87BRYR5oV06n1Zbx8?authuser=0&hl=en&rclk=1","مجوهرات ابو عادل","4.9","(12)","Jewelry store","QWWW+R7P، المطراق, الحديدة،","","","","https://lh3.googleusercontent.com/gps-cs-s/AG0ilSwf8gIHUW8_hWHwwndaJG_Akx338tGF6IMJuYbICs9aK48c-MxKZMrlubLa0uN1H6GsnlnHuAal9scOLcxwW35jFiDt-9a9FtK3NdGHguOsLLlDYmM7Lslw29PIKqsRHgnRP_Ur7sYYurzH=w80-h142-k-no",""
"https://www.google.com/maps/place/%D9%85%D8%AC%D9%88%D9%87%D8%B1%D8%A7%D8%AA+%D8%A7%D9%84%D8%B5%D8%A7%D8%B1%D9%85%E2%80%AD/data=!4m7!3m6!1s0x1603db337dbd0751:0x9ac62d056d984dcc!8m2!3d15.3507891!4d44.2000698!16s%2Fg%2F11h9gs2xdw!19sChIJUQe9fTPbAxYRzE2YbQUtxpo?authuser=0&hl=en&rclk=1","مجوهرات الصارم","4.1","(7)","Jewelry store","شارع جمال، صنعاء‎،","Closed","","","https://lh3.googleusercontent.com/p/AF1QipOiNoivVFPVLTYd4PIidifJE4r1rDTGVRCpy5Hr=w80-h171-k-no","· Opens 10 am"
"https://www.google.com/maps/place/%D9%81%D8%B1%D8%B9+%D8%A8%D8%BA%D8%AF%D8%A7%D8%AF+%D9%84%D9%84%D9%85%D8%AC%D9%88%D9%87%D8%B1%D8%A7%D8%AA%E2%80%AD/data=!4m7!3m6!1s0x161cebdec2c34375:0xbe44b5d162f7a730!8m2!3d13.9720829!4d44.1625506!16s%2Fg%2F11h52r8qyk!19sChIJdUPDwt7rHBYRMKf3YtG1RL4?authuser=0&hl=en&rclk=1","فرع بغداد للمجوهرات","4.0","(3)","Jewelry store","X5C7+R2M، إب، المركزي","Closed","","+967 775 190 518","https://lh3.googleusercontent.com/gps-cs-s/AG0ilSxB0u8jjeOkmwwlv7He7KV5zQEkAwmNybBV7UGHHIQTKSa6lxl4SJh7DYRgRCB6issbBYSXtn2lQlZCRtdzO4q3LkRn7RpRY8ELA7NKF87ey0-gq1c4vYz3RIyH3stKvnO8eS0U=w92-h92-k-no","· Opens 8 am"
"https://www.google.com/maps/place/%D9%85%D8%AC%D9%88%D9%87%D8%B1%D8%A7%D8%AA+%D9%85%D9%86%D9%8A%D9%81+%D8%A7%D9%84%D8%B9%D8%A8%D8%A7%D8%B3%D9%8A%E2%80%AD/data=!4m7!3m6!1s0x1603db75ec317b6f:0xf3468c9965f10746!8m2!3d15.3321124!4d44.2230962!16s%2Fg%2F11h_71rgph!19sChIJb3sx7HXbAxYRRgfxZZmMRvM?authuser=0&hl=en&rclk=1","مجوهرات منيف العباسي","5.0","(1)","Jewelry store","86JF+R6X، بيت معياد، صنعاء‎،, Taiz St","Closed","","+967 772 186 810","https://lh3.googleusercontent.com/gps-cs-s/AG0ilSwg7KWEAFnctnwFsgNRT9hqZ_8pna7A78pGplnhPHDXV1Ek1Q09mcEUpvubj9pXjPdNPK9cQd97RGQKAgdAszPgZzZ_ZMIGyJavCr6gZSQrRKMozhKwR6PpBwuOtOKiKMbM2dgV=w80-h142-k-no","· Opens 8 am"
"https://www.google.com/maps/place/%D9%85%D8%AC%D9%88%D9%87%D8%B1%D8%A7%D8%AA+%D9%87%D8%A7%D9%86%D9%8A+%D8%B9%D9%84%D9%8A+%D8%AD%D9%85%D9%88%D8%AF%E2%80%AD/data=!4m7!3m6!1s0x1603c5002ba681ed:0x57bb44cdd44e189d!8m2!3d15.2856671!4d44.2303875!16s%2Fg%2F11wy14xtg6!19sChIJ7YGmKwDFAxYRnRhO1M1Eu1c?authuser=0&hl=en&rclk=1","مجوهرات هاني علي حمود","5.0","(2)","Jewelry store","76PJ+756، اليمن صنعاء, Alharbi","","","+967 774 651 670","https://lh3.googleusercontent.com/gps-cs-s/AG0ilSxm9FLKEKjaamZUe6Ac-LQJM2odCHYGOtM-OgxNw5edjEHHvqxzJQzOB0Mpe_eoawO35JIXEgHaByVmg8mqvCTSRsmojWisHVvQNGuqZixs2POjISICvXETwO73sDjhXpxnEhDB=w92-h92-k-no",""
"https://www.google.com/maps/place/Jewelry+Kharraz+Silvers+and+buy+gold+and+welding/data=!4m7!3m6!1s0x3dff37bc4a4cabf7:0xc9f2cb84c61fff5d!8m2!3d15.4633717!4d45.3241771!16s%2Fg%2F11c6rwnt0b!19sChIJ96tMSrw3_z0RXf8fxoTL8sk?authuser=0&hl=en&rclk=1","Jewelry Kharraz Silvers and buy gold and welding","3.7","(3)","Jewelry store","Closed","· Opens 9 am","F87F+8MV","+967 6 301 505","https://lh3.googleusercontent.com/gps-cs-s/AG0ilSxP8R1-pu3n5BDeMeUF-7NlBb5nntImgPhj5GNLMelxkkPVkcGu8Hx1H5Wt6OryBIGw__krgPl6u92OQqA-ZcTpwF80n7LerX0brGqqRJH808Ux79d53D3LehUSXk9u4yTjmuslXBHYZh41=w122-h92-k-no",""
"https://www.google.com/maps/place/%D9%85%D8%AC%D9%88%D9%87%D8%B1%D8%A7%D8%AA+%D8%B3%D9%85%D9%8A%D8%B1+%D8%A7%D9%84%D8%B1%D8%A7%D8%A6%D8%AF%E2%80%AD/data=!4m7!3m6!1s0x161ce90da92da573:0xd725d2786a9cfc1c!8m2!3d13.9736034!4d44.175403!16s%2Fg%2F11sjj2fywv!19sChIJc6UtqQ3pHBYRHPycanjSJdc?authuser=0&hl=en&rclk=1","مجوهرات سمير الرائد","5.0","(1)","Jewelry store","مجمع جرعان التجاري، شارع العدين، مدخل المحافظه","Closed","","+967 775 101 003","https://lh3.googleusercontent.com/gps-cs-s/AG0ilSwwN1kZAWl9jzEhDNGlw7P8g4qazYahZITy0faKVyZ0ltJMhYWZv3XJFaBmo2T_t5Kc8fVy8CIxsYAIyKBhfwUzsDDiAMgcYJ1xLlp7g422w-vw5VSCtURLTm85lbimm4oQSRUf6Q=w80-h142-k-no","· Opens 8:30 am"
"https://www.google.com/maps/place/%D8%A7%D9%84%D8%B4%D8%A7%D8%AD%D8%B0%D9%8A+%D9%84%D9%84%D8%B0%D9%87%D8%A8+%D9%88%D8%A7%D9%84%D9%85%D8%AC%D9%88%D9%87%D8%B1%D8%A7%D8%AA%E2%80%AD/data=!4m7!3m6!1s0x1603dbbb9e6d08a3:0x4de83ff0e84227bc!8m2!3d15.3494434!4d44.1979097!16s%2Fg%2F11h6s5vhzv!19sChIJowhtnrvbAxYRvCdC6PA_6E0?authuser=0&hl=en&rclk=1","الشاحذي للذهب والمجوهرات","4.7","(9)","Jewelry store","Closed","· Opens 9 am","85XX+Q5F","+967 1 275 141","https://lh3.googleusercontent.com/gps-cs-s/AG0ilSzVbipo7B77t7lXFLEXAtEJ-dzeFTAGrlt6KnipBB8D0Nw2EXC3yAKLkSHhRq-VFFYuTW61jggOHX_XJP-blDakufugLSo3GMRkGnDY8_eFanMG3QqiNtd9OqWLxQeWBI1KNjHd=w80-h96-k-no",""
"https://www.google.com/maps/place/%D9%85%D8%AC%D9%88%D9%87%D8%B1%D8%A7%D8%AA+%D8%A7%D9%84%D8%B1%D9%81%D8%A7%D8%B9%D9%8A+%28%D9%85%D8%AD%D9%85%D8%AF+%D8%B9%D8%A8%D8%AF%D8%A7%D9%84%D9%85%D9%86%D8%B9%D9%85%29%E2%80%AD/data=!4m7!3m6!1s0x1603c515856fe0d5:0x7acfba437294b4a9!8m2!3d15.285764!4d44.222841!16s%2Fg%2F11jsjgvpcj!19sChIJ1eBvhRXFAxYRqbSUckO6z3o?authuser=0&hl=en&rclk=1","مجوهرات الرفاعي (محمد عبدالمنعم)","5.0","(2)","Jewelry store","Closed","· Opens 9 am","76PF+853","+967 1 683 298","https://lh3.googleusercontent.com/gps-cs-s/AG0ilSylbY5pF-53kVZzLqv_WefDZO7eFupuRplS940-igeHHfAwYrCVtsOZH3qozyOpCmrs78lD5Dya5zKz-jgb23a7FutzalJxtOXVMIaXpkiy8ZTNdT4g30xdkm2TDLNqhxuuz1fbmw=w80-h121-k-no",""
"https://www.google.com/maps/place/%D9%85%D8%AC%D9%88%D9%87%D8%B1%D8%A7%D8%AA+%D8%A7%D9%84%D8%AD%D8%A7%D8%AC+%D8%B9%D9%84%D9%8A+%D8%B9%D8%A8%D8%AF%D8%A7%D9%84%D8%B1%D8%AD%D9%8A%D9%85+%D8%A7%D9%84%D8%B3%D9%84%D9%8A%D9%85%D8%A7%D9%86%D9%8A%E2%80%AD/data=!4m7!3m6!1s0x1602e01c611248e7:0x4401ba6272e0d955!8m2!3d14.5493477!4d44.4031321!16s%2Fg%2F11gbl4477q!19sChIJ50gSYRzgAhYRVdngcmK6AUQ?authuser=0&hl=en&rclk=1","مجوهرات الحاج علي عبدالرحيم السليماني","5.0","(9)","Jewelry store","Closed","· Opens 8 am","GCX3+P7J","+967 6 502 205","https://maps.gstatic.com/tactile/pane/result-no-thumbnail-2x.png",""
"https://www.google.com/maps/place/%D8%A7%D9%84%D8%BA%D8%A7%D9%84%D8%A8%D9%8A+%D9%84%D9%84%D9%85%D8%AC%D9%88%D9%87%D8%B1%D8%A7%D8%AA%E2%80%AD/data=!4m7!3m6!1s0x161ce9520cf074ef:0x99f15e66fadd07e7!8m2!3d13.9654284!4d44.1817221!16s%2Fg%2F11h0vvr8cv!19sChIJ73TwDFLpHBYR5wfd-mZe8Zk?authuser=0&hl=en&rclk=1","الغالبي للمجوهرات","5.0","(2)","Jewelry store","Closed","· Opens 8 am","X58J+5MH, Taiz St","","https://maps.gstatic.com/tactile/pane/result-no-thumbnail-2x.png",""
"https://www.google.com/maps/place/Zilarra+Jewelry/data=!4m7!3m6!1s0x1603c51ba2a7ef55:0x3e3b74635478d735!8m2!3d15.3086213!4d44.1913512!16s%2Fg%2F11stz3gjq0!19sChIJVe-nohvFAxYRNdd4VGN0Oz4?authuser=0&hl=en&rclk=1","Zilarra Jewelry","","","Jewelry store","Open 24 hours","","Hadda street","+967 775 484 328","https://maps.gstatic.com/tactile/pane/result-no-thumbnail-2x.png",""
"https://www.google.com/maps/place/%D9%85%D8%AC%D9%88%D9%87%D8%B1%D8%A7%D8%AA+%D8%B9%D8%B1%D8%B4+%D8%A8%D9%84%D9%82%D9%8A%D8%B3%E2%80%AD/data=!4m7!3m6!1s0x3dff31b83c5ae113:0x6b00ca2b3d015bac!8m2!3d15.4977302!4d45.3783454!16s%2Fg%2F11ftw4_zfl!19sChIJE-FaPLgx_z0RrFsBPSvKAGs?authuser=0&hl=en&rclk=1","مجوهرات عرش بلقيس","4.3","(3)","Wholesale jeweler","","","F9XH+38X","+967 717 025 552","https://lh3.googleusercontent.com/gps-cs-s/AG0ilSw-q3eDF5JVK5aJd0VgU2YalcPJBtFdNd620ISI0x4dy5L-YglmY5LxFrZ8zkfdBY3z5HFhQaxnb0UtKvPtVFrPsAQ54dHmlJuyi3Q74wJU937zDxIjx_qcxnIoIAGF4jvg1uDIEQ=w80-h142-k-no",""
"https://www.google.com/maps/place/%D9%85%D8%AC%D9%88%D9%87%D8%B1%D8%A7%D8%AA+%D8%A7%D9%84%D8%AC%D8%B2%D9%8A%D8%B1%D8%A9%E2%80%AD/data=!4m7!3m6!1s0x161c6ecfd2602bf5:0x47440279f13731de!8m2!3d13.5736171!4d44.0127204!16s%2Fg%2F11gcn8lhlk!19sChIJ9Stg0s9uHBYR3jE38XkCREc?authuser=0&hl=en&rclk=1","مجوهرات الجزيرة","3.7","(21)","Jewelry store","Closed","· Opens 8 am","H2F7+C3X","+967 738 543 039","https://lh3.googleusercontent.com/gps-cs-s/AG0ilSyhxbrMbtMH7xE9c2LDCm86D8Cj85S3KJraHnARAKM4qeCFpsUhi3oBAexugRvs27JR8b9JCAzwAmb27ZZFBnyNxdFPuPJwQdfZRHWXCZbdbdYHVLWi_wa82VjvfpfUFMHpEnB4jQ=w141-h92-k-no",""
"https://www.google.com/maps/place/Abu+Hussn+for+Gold+and+Jewelry+-+%D8%A3%D8%A8%D9%88%D8%AD%D8%B3%D9%86+%D9%84%D9%84%D8%AD%D9%84%D9%8A+%D9%88%D8%A7%D9%84%D9%85%D8%AC%D9%88%D9%87%D8%B1%D8%A7%D8%AA%E2%80%AD/data=!4m7!3m6!1s0x161c6fd60afa70d9:0xf943274978a92f1a!8m2!3d13.5749521!4d44.0081319!16s%2Fg%2F11llbt_qqy!19sChIJ2XD6CtZvHBYRGi-peEknQ_k?authuser=0&hl=en&rclk=1","Abu Hussn for Gold and Jewelry - أبوحسن للحلي والمجوهرات","5.0","(5)","Jewelry store","Closed","· Opens 7 am","H2F5+X7J, 26th Street","+967 4 251 025","https://maps.gstatic.com/tactile/pane/result-no-thumbnail-2x.png",""
"https://www.google.com/maps/place/%D9%85%D8%AC%D9%88%D9%87%D8%B1%D8%A7%D8%AA+%D8%A7%D9%84%D8%B9%D8%A8%D8%A7%D8%B3%D9%8A%E2%80%AD/data=!4m7!3m6!1s0x161ce921ebb76c25:0x7c7ad5d4853d725e!8m2!3d13.9738454!4d44.1839477!16s%2Fg%2F11fct34m87!19sChIJJWy36yHpHBYRXnI9hdTVenw?authuser=0&hl=en&rclk=1","مجوهرات العباسي","3.7","(3)","Jewelry store","إب، Add","Closed","","","https://lh3.googleusercontent.com/p/AF1QipPwV7vceONUQkLc6PnpHdh7FmQYlfNvqmMnapsC=w163-h92-k-no","· Opens 8:30 am"
"https://www.google.com/maps/place/%D9%85%D8%AC%D9%88%D9%87%D8%B1%D8%A7%D8%AA+%D9%86%D8%AC%D9%88%D9%85+%D8%A7%D9%84%D8%B0%D9%87%D8%A8%E2%80%AD/data=!4m7!3m6!1s0x1603dbac5482bcc9:0x65608cb6075fadf8!8m2!3d15.3538749!4d44.2072877!16s%2Fg%2F11gdkpc3z_!19sChIJybyCVKzbAxYR-K1fB7aMYGU?authuser=0&hl=en&rclk=1","مجوهرات نجوم الذهب","3.7","(3)","Jewelry store","Closed","· Opens 8:30 am","·","+967 1 285 361","https://lh3.googleusercontent.com/p/AF1QipOkZUWlFQff9lWxm9w-P6naPZx7ifHeTChSyS0t=w80-h94-k-no",""
"https://www.google.com/maps/place/%D8%A7%D9%84%D8%AD%D9%8A%D8%A7%D9%86%D9%8A+%D9%84%D9%84%D8%B0%D9%87%D8%A8+%D9%88%D8%A7%D9%84%D9%85%D8%AC%D9%88%D9%87%D8%B1%D8%A7%D8%AA%E2%80%AD/data=!4m7!3m6!1s0x1603db9d6d603997:0xfc45a6d93cd82176!8m2!3d15.3542241!4d44.1832864!16s%2Fg%2F11f3y8p4vz!19sChIJlzlgbZ3bAxYRdiHYPNmmRfw?authuser=0&hl=en&rclk=1","الحياني للذهب والمجوهرات","4.6","(5)","Jewelry store","Closed","· Opens 9 am","953M+M8M","+967 1 469 090","https://lh3.googleusercontent.com/gps-cs-s/AG0ilSz2lY1_hkDHohdaNkLg_RkvNiKBRhukbgbxn3NnClh9gYXZ2VHvVlzWSxRMXd0ttB_G0net4frQV8SHUkZKf3zUNAY5kzW0h2zc59PiCRMIlYr9QsRLvKBSeSbZ6Xtzzgu9RXB6=w163-h92-k-no",""
"https://www.google.com/maps/place/%D9%85%D8%AC%D9%88%D9%87%D8%B1%D8%A7%D8%AA+%D8%A7%D9%84%D8%B3%D8%AF+%D9%84%D8%A8%D9%8A%D8%B9+%D9%88%D8%B4%D8%B1%D8%A7+%D8%A7%D9%84%D8%B0%D9%87%D8%A8+%D9%88%D8%A7%D9%84%D9%85%D8%AC%D9%88%D9%87%D8%B1%D8%A7%D8%AA+%D9%88%D8%A7%D9%84%D8%B3%D8%A7%D8%B9%D8%A7%D8%AA+%D8%A7%D9%84%D8%B1%D8%A7%D9%82%D9%8A%D9%87%E2%80%AD/data=!4m7!3m6!1s0x3dff37665ced0fb5:0xbdea1f1283d13d12!8m2!3d15.4629111!4d45.3230941!16s%2Fg%2F11nngvb017!19sChIJtQ_tXGY3_z0REj3RgxIf6r0?authuser=0&hl=en&rclk=1","مجوهرات السد لبيع وشرا الذهب والمجوهرات والساعات الراقيه","5.0","(1)","Jewelry store","Closed","· Opens 9 am","·","+967 714 755 580","https://lh3.googleusercontent.com/p/AF1QipOzumMMwE6LjSXcI0t5UiBIH_mUPnaOKzcpZ5cC=w204-h92-k-no",""
"https://www.google.com/maps/place/%D9%85%D8%AC%D9%88%D9%87%D8%B1%D8%A7%D8%AA+%D8%AD%D9%85%D9%88%D8%AF+%D8%A7%D9%84%D8%B0%D8%A8%D8%AD%D8%A7%D9%86%D9%8A%E2%80%AD/data=!4m7!3m6!1s0x1603c5bbdae24c09:0xb58ad8a3fcade068!8m2!3d15.2859761!4d44.2225218!16s%2Fg%2F11mm5q0r_v!19sChIJCUzi2rvFAxYRaOCt_KPYirU?authuser=0&hl=en&rclk=1","مجوهرات حمود الذبحاني","","","Jewelry store","Closed","· Opens 9:30 am","·","+967 779 985 656","https://lh3.googleusercontent.com/p/AF1QipOzoU66eQ49HypcFMHzcDgZ9HK-MDWCAojWF75s=w131-h92-k-no",""
"https://www.google.com/maps/place/Abu+Ali+for+Jewelry+%D9%85%D8%AC%D9%88%D9%87%D8%B1%D8%A7%D8%AA+%D8%A3%D8%A8%D9%88+%D8%B9%D9%84%D9%8A%E2%80%AD/data=!4m7!3m6!1s0x1603dbbd90792cdf:0x67bc24e00f2b3872!8m2!3d15.3065579!4d44.2361679!16s%2Fg%2F11txy0fpsp!19sChIJ3yx5kL3bAxYRcjgrD-AkvGc?authuser=0&hl=en&rclk=1","Abu Ali for Jewelry مجوهرات أبو علي","4.2","(5)","Jewelry store","سوق شميلة","Closed","","+967 774 644 457","https://lh3.googleusercontent.com/gps-cs-s/AG0ilSxtzEoHvF1S43kBzRz29q81I1Fd58-Vb0_kj8Hp77bQSwN07PiIACIebWSVwSdRbwW8q2HCeYdbfayFUzh6difXPzBrmuwYWrJhbvrb4FXuPAygGSiz2Xz1lHU7buvQaGF-icAw=w194-h92-k-no","· Opens 9:20 am"
"https://www.google.com/maps/place/%D9%86%D9%88%D8%A7%D8%B9%D9%85+%D9%84%D9%84%D8%B0%D9%87%D8%A8+%D9%88%D8%A7%D9%84%D9%85%D8%AC%D9%88%D9%87%D8%B1%D8%A7%D8%AA%E2%80%AD/data=!4m7!3m6!1s0x1603c5569f0db77b:0x2bd26f74282dcc8b!8m2!3d15.2859407!4d44.2311101!16s%2Fg%2F11gxqlq4lx!19sChIJe7cNn1bFAxYRi8wtKHRv0is?authuser=0&hl=en&rclk=1","نواعم للذهب والمجوهرات","5.0","(1)","Jewelry store","Closed","· Opens 9:30 pm","76PJ+9CH","+967 1 640 295","https://lh3.googleusercontent.com/gps-cs-s/AG0ilSz_xYmn7psQDCJv9f5DPpjjoycZifp7SwDLYnGaVi5flDejvpNdm0jeMjznMG9D0yzwKt_VtgmD3vp1UDJrAVAqIdxlKJZ_62NiSiFtGsY7vEBpghrKTBfnMwNpRliuK5Wt_LtfqA=w80-h106-k-no",""
"https://www.google.com/maps/place/%D9%85%D8%AC%D9%88%D9%87%D8%B1%D8%A7%D8%AA+%D8%B5%D9%84%D8%A7%D8%AD+%D8%B9%D9%82%D9%84%D8%A7%D9%86%E2%80%AD/data=!4m7!3m6!1s0x161c67002e05f8d3:0x963f28b8b6463c8c!8m2!3d13.6072185!4d44.0872768!16s%2Fg%2F11x8pj88xv!19sChIJ0_gFLgBnHBYRjDxGtrgoP5Y?authuser=0&hl=en&rclk=1","مجوهرات صلاح عقلان","5.0","(4)","Jewelry store","","","J34P+VWJ","","https://lh3.googleusercontent.com/gps-cs-s/AG0ilSzG0DZeJV7bXEMIRePQuIx6F64jZGFBs8FLo2GEpOx1iRzHAcGe9lXxt2Mqox1fC3M_EWRbJx6steeVQQjkuUm_Sv7HkspERfv0ocUbNwykCJee0gvrSa0fjw1sarDwjQG8e6NJrZ5XBfaG=w80-h106-k-no",""
"https://www.google.com/maps/place/%D9%85%D8%AC%D9%88%D9%87%D8%B1%D8%A7%D8%AA+%D8%A7%D8%A8%D9%86+%D8%B9%D8%A8%D8%A7%D8%B3%E2%80%AD/data=!4m7!3m6!1s0x16043b8766beaa41:0x44a8aa654a81f2f8!8m2!3d15.4740586!4d43.3303618!16s%2Fg%2F11tds0s9m3!19sChIJQaq-Zoc7BBYR-PKBSmWqqEQ?authuser=0&hl=en&rclk=1","مجوهرات ابن عباس","3.7","(19)","Jewelry store","Closed","· Opens 8 am","F8FJ+J5M, 313","+967 7 434 575","https://lh3.googleusercontent.com/gps-cs-s/AG0ilSzxB-tlv18nSCpCx2FJ_ub-zlrMGV37gWJnbXYcxgOfjmrWmtjTarfNFxKLVCt9LkrbQMcfFW5SfrlB4FPRFkJtGtAud3wj83H4ljkwqFBhfwHCUZYgBJ0lw6cWUloIKWBnbHKG=w80-h92-k-no",""
"https://www.google.com/maps/place/%D9%85%D8%AC%D9%88%D9%87%D8%B1%D8%A7%D8%AA+%D8%A3%D8%A8%D9%88+%D9%81%D9%8A%D8%B5%D9%84+%D8%A7%D9%85%D8%A7%D9%85+%D8%A7%D9%84%D8%AD%D8%A7%D8%AC%D8%A8+%D9%85%D9%88%D9%84+%D9%84%D9%84%D9%85%D9%84%D8%A7%D8%A8%D8%B3+%D8%A7%D9%84%D8%AC%D8%A7%D9%87%D8%B2%D8%A9%E2%80%AD/data=!4m7!3m6!1s0x16053c68f0566adb:0x3340e9069106974d!8m2!3d14.8175804!4d42.9700812!16s%2Fg%2F11b6p0h041!19sChIJ22pW8Gg8BRYRTZcGkQbpQDM?authuser=0&hl=en&rclk=1","مجوهرات أبو فيصل امام الحاجب مول للملابس الجاهزة","3.9","(50)","Jewelry store","شارع صدام الحديدة","Closed","","","https://lh3.googleusercontent.com/p/AF1QipNdAYDfYanYqD0VGWySFbFCwANyDsyWc9UHu9-c=w80-h106-k-no","· Opens 9 am"
"https://www.google.com/maps/place/Rifai+Jewelry/data=!4m7!3m6!1s0x16053bfb50b810d7:0x9b7aedaf4a219750!8m2!3d14.7969295!4d42.9469229!16s%2Fg%2F11c5xl4_dc!19sChIJ1xC4UPs7BRYRUJchSq_teps?authuser=0&hl=en&rclk=1","Rifai Jewelry","3.8","(4)","Jewelry store","Closed","· Opens 9 am","QWWW+QQF","+967 733 299 428","https://maps.gstatic.com/tactile/pane/result-no-thumbnail-2x.png",""
"","","","","","","","","","",""